id_inmueble,id_plataforma,url_anuncio,pais,departamento,ciudad,barrios,direccion,zona_ciudad,latitud,longitud,tipo_propiedad,area_total_m2,num_habitaciones,num_banos,num_parqueaderos,estrato,estado,antiguedad_construccion,precio_venta,precio_administracion,fecha_publicacion,fecha_actualizacion,fecha_ingreso,nombre_contacto
192428996,fincaraiz,https://www.fincaraiz.com.co/apartamento-en-venta-en-suroriente-medellin/192428996,Colombia,Antioquia,Medellín,"Belén, Belén San Bernardo, ",CL 25 9 A 31 AP 103,,6.2266158,-75.5940249,Apartamento,152.0,2,3,2,6,Nuevo,0.0,948000000,0,2025-05-21,2025-06-04,2025-05-21,Arrendamientos Mabel Ochoa
192624427,fincaraiz,https://www.fincaraiz.com.co/casa-en-venta-en-belen-las-playas-medellin/192624427,Colombia,Antioquia,Medellín,"Urbanizacion rafael uribe uribe, Belen Las Playas, Belén, ","Las Playas, Belén, Medellín, Antioquia, Colombia",,6.2201516,-75.595347,Casa,105.0,3,3,1,3,Usado,2.0,495000000,0,2025-07-10,2025-07-25,2025-07-10,GRUPO INMOBILIARIO VALENCIA Y ASOCIADOS
192645352,fincaraiz,https://www.fincaraiz.com.co/casa-en-venta-en-belen-las-playas-medellin/192645352,Colombia,Antioquia,Medellín,"Urbanizacion rafael uribe uribe, Belén, Belen Las Playas, ","Las Playas, Medellín, Belén, Medellín, Antioquia, Colombia",,6.2201516,-75.595347,Casa,88.92,3,3,0,3,Usado,5.0,399000000,0,2025-07-16,2025-08-16,2025-07-16,Miriam Morales
192685412,fincaraiz,https://www.fincaraiz.com.co/casa-en-venta-en-belen-las-playas-medellin/192685412,Colombia,Antioquia,Medellín,"Urbanizacion rafael uribe uribe, Belen Las Playas, Belén, ","Las Playas, Belén, Medellín, Antioquia, Colombia",,6.2201516,-75.595347,Casa,95.0,3,2,0,3,Usado,4.0,360000000,0,2025-07-26,2025-08-19,2025-07-26,OPCIONES INMOBILIARIAS
10501994,fincaraiz,https://www.fincaraiz.com.co/casa-en-venta-en-belen-san-bernardo-medellin/10501994,Colombia,Antioquia,Medellín,"Belén, Belén San Bernardo, ",CALLE 22 # 71A-21,,6.2246048,-75.5935766,Casa,133.0,5,3,0,3,Usado,2.0,415000000,0,2024-01-26,2025-08-07,2024-01-26,Inmobiliaria Tobon
10502038,fincaraiz,https://www.fincaraiz.com.co/casa-en-venta-en-belen-san-bernardo-medellin/10502038,Colombia,Antioquia,Medellín,"Urbanizacion rafael uribe uribe, Belen Las Playas, Belén, Belén San Bernardo, ",Calle 20A # 72-22,,6.2239723,-75.5941041,Casa,85.0,4,2,0,3,Usado,4.0,380000000,0,2024-01-26,2025-08-07,2024-01-26,Inmobiliaria Tobon
192593408,fincaraiz,https://www.fincaraiz.com.co/apartamento-en-venta-en-loma-de-los-bernal-medellin/192593408,Colombia,Antioquia,Medellín,"Loma de los bernal, Belén Aliadas, Belén, La gloria, Belén San Bernardo, ",Carrera 84 b numero 7-188 apart 202 estrato4,,6.2261742506726,-75.600536556409,Apartamento,62.0,1,2,0,4,Usado,3.0,320000000,80000,2025-07-02,2025-08-05,2025-07-02,ALFA FINCA RAIZ INMOBILIARIA SAS
192661142,fincaraiz,https://www.fincaraiz.com.co/casa-en-venta-en-aeroparque-juan-pablo-ii-medellin/192661142,Colombia,Antioquia,Medellín,"Belén, Belén San Bernardo, Aeroparque juan pablo ii, ","Calle 25 #70a-36, Medellín, Antioquia, Colombia",,6.2262107,-75.5921336,Casa,85.0,3,2,0,3,Nuevo,0.0,420000000,0,2025-07-20,2025-07-20,2025-07-20,johny alexander marulanda florezMarulanda
192609625,fincaraiz,https://www.fincaraiz.com.co/apartamento-en-venta-en-belen-san-bernardo-medellin/192609625,Colombia,Antioquia,Medellín,"Belén, Belén San Bernardo, ",CL 24  73 31 APT 402 INTERNO,,6.226252,-75.594772,Apartamento,66.0,2,1,0,3,Usado,5.0,360000000,0,2025-07-07,2025-08-16,2025-07-07,Maxibienes S.A.S
191940310,fincaraiz,https://www.fincaraiz.com.co/apartamento-en-venta-en-belen-san-bernardo-medellin/191940310,Colombia,Antioquia,Medellín,"Belén, Belén San Bernardo, ",calle 20 # 74 - 36,,6.2241603,-75.5958806,Apartamento,147.0,5,2,0,3,Usado,4.0,560000000,0,2025-01-29,2025-07-04,2025-01-29,Casa Vida Asesores Inmobiliarios
191986797,fincaraiz,https://www.fincaraiz.com.co/apartamento-en-venta-en-belen-san-bernardo-medellin/191986797,Colombia,Antioquia,Medellín,"Belén, Belén San Bernardo, ",CALLE 16   75- 24,,6.2272218,-75.5960925,Apartamento,70.0,3,2,0,3,Usado,2.0,360000000,0,2025-02-07,2025-07-04,2025-02-07,INDIKA INMOBILIARIA SAS
192474566,fincaraiz,https://www.fincaraiz.com.co/casa-en-venta-en-belen-san-bernardo-medellin/192474566,Colombia,Antioquia,Medellín,"Belén, Belén San Bernardo, ","Calle 23 # 71A-80, Medellín, Antioquia, Colombia",,6.225396,-75.593748,Casa,115.0,4,2,1,3,Usado,4.0,510000000,0,2025-05-31,2025-05-31,2025-05-31,ARRENDAMIENTOS MEDELLIN
192457817,fincaraiz,https://www.fincaraiz.com.co/casa-en-venta-en-la-mota-medellin/192457817,Colombia,Antioquia,Medellín,"La mota, Belén Aliadas, Belén, La gloria, Belén San Bernardo, ",CL 21 # 75 - 58,,6.2251763850735,-75.596843093884,Casa,119.0,3,2,1,3,Usado,3.0,620000000,0,2025-05-27,2025-05-27,2025-05-27,La Fuente Inmobiliaria
191507488,fincaraiz,https://www.fincaraiz.com.co/apartaestudio-en-venta-en-belen-medellin/191507488,Colombia,Antioquia,Medellín,"Belén, Belén San Bernardo, ",Calle 25 # 71 16,,6.2264596,-75.5926755,Apartaestudio,120.0,3,2,0,3,Usado,5.0,322000000,0,2024-09-30,2025-07-03,2024-09-30,Grupo Empresarial Mi
191986243,fincaraiz,https://www.fincaraiz.com.co/casa-en-venta-en-la-mota-medellin/191986243,Colombia,Antioquia,Medellín,"La mota, Diego echavarria, Belén, Belen Las Playas, Aeroparque juan pablo ii, ","Cra. 70b # 9a 34, Medellín, Antioquia, Colombia",,6.2172678,-75.5938691,Casa,225.0,3,4,2,5,Usado,4.0,1050000000,300000,2025-02-07,2025-08-03,2025-02-07,Gómez Sierra Propiedades
191943178,fincaraiz,https://www.fincaraiz.com.co/apartamento-en-venta-en-el-salvador-medellin/191943178,Colombia,Antioquia,Medellín,"El salvador, Belén Aliadas, Belén, Belen La Palma, Belén San Bernardo, La gloria, ","EL SALVADOR, MEDELLIN.",,6.2267153,-75.6002248,Apartamento,30.0,1,1,0,3,Usado,4.0,120000000,0,2025-01-30,2025-07-04,2025-01-30,Arrendamientos Alnago
191877768,fincaraiz,https://www.fincaraiz.com.co/apartamento-en-venta-en-belen-san-bernardo-medellin/191877768,Colombia,Antioquia,Medellín,"Belén, Belén San Bernardo, ",CL 22 74 39 INT 301,,6.2245080427207,-75.593093265129,Apartamento,98.0,3,1,0,3,Nuevo,0.0,320000000,0,2025-01-15,2025-07-04,2025-01-15,Arrendamientos El Castillo S.A.S
191484182,fincaraiz,https://www.fincaraiz.com.co/apartamento-en-venta-en-belen-san-bernardo-medellin/191484182,Colombia,Antioquia,Medellín,"Belén, Belén San Bernardo, Aeroparque juan pablo ii, ",CARRERA 70   25- 73,,6.2267114,-75.5914712,Apartamento,93.0,2,2,1,4,Usado,5.0,420000000,80000,2024-09-26,2025-07-03,2024-09-26,INDIKA INMOBILIARIA SAS
191316104,fincaraiz,https://www.fincaraiz.com.co/bodega-en-venta-en-belen-medellin/191316104,Colombia,Antioquia,Medellín,"Belén, Granada, Belén San Bernardo, ",CR 73A#26 -15,,6.227831,-75.5941471,Bodega,335.0,0,3,0,4,Usado,5.0,1400000000,0,2024-09-04,2025-07-02,2024-09-04,Alberto Alvarez Ventas
191228793,fincaraiz,https://www.fincaraiz.com.co/apartamento-en-venta-en-belen-san-bernardo-medellin/191228793,Colombia,Antioquia,Medellín,"Belén, Belén San Bernardo, ",Carrera 76 A #26 -13,,6.227761016333,-75.597018997929,Apartamento,51.0,2,1,0,3,Usado,4.0,270000000,50000,2024-08-16,2025-07-28,2024-08-16,Arrendamientos las vegas
192643660,fincaraiz,https://www.fincaraiz.com.co/casa-en-venta-en-belen-medellin/192643660,Colombia,Antioquia,Medellín,"Belén, Belen Las Playas, ",Cra. 76 #12-100,,6.2212496,-75.5984222,Casa,105.0,4,4,3,0,Usado,5.0,1100000000,0,2025-07-15,2025-08-04,2025-07-15,Tu360Inmobiliario en colaboración con Pulppo
7579739,fincaraiz,https://www.fincaraiz.com.co/local-en-venta-en-belen-medellin/7579739,Colombia,Antioquia,Medellín,"Belen Las Playas, Belén, Aeroparque juan pablo ii, ",Carrera 76 # 24-05,,6.2200663,-75.5928686,Local,520.0,1,5,11,5,Usado,4.0,2500000000,0,2022-09-07,2025-07-02,2022-09-07,Arrendamientos Giraldo Posada
192310248,fincaraiz,https://www.fincaraiz.com.co/apartamento-en-venta-en-la-mota-medellin/192310248,Colombia,Antioquia,Medellín,"Diego echavarria, Rodeo Alto, Belén, La mota, ",DG 75B # 6 - 60,,6.2170016936894,-75.597827946558,Apartamento,95.0,3,3,1,5,Nuevo,,500000000,660000,2025-04-25,2025-04-25,2025-04-25,Payva Asociados SAS
191921481,fincaraiz,https://www.fincaraiz.com.co/apartamento-en-venta-en-granada-medellin/191921481,Colombia,Antioquia,Medellín,"Granada, Belén, Belén San Bernardo, ",CR 75 29 51 INT 302,,6.226157514032,-75.596005217688,Apartamento,50.0,2,1,0,3,Nuevo,0.0,220000000,0,2025-01-25,2025-07-04,2025-01-25,Arrendamientos El Castillo S.A.S
192658815,fincaraiz,https://www.fincaraiz.com.co/casa-en-venta-en-belen-las-playas-medellin/192658815,Colombia,Antioquia,Medellín,"Belén, Belen Las Playas, Aeroparque juan pablo ii, ",CL 13 70 34 PISO 1 CS,,6.2196285,-75.5927289,Casa,92.0,3,2,0,3,Nuevo,0.0,372000000,0,2025-07-19,2025-07-21,2025-07-19,Arrendamientos El Castillo S.A.S
192531000,fincaraiz,https://www.fincaraiz.com.co/apartamento-en-venta-en-belen-medellin/192531000,Colombia,Antioquia,Medellín,"Urbanizacion san bernardo, Granada, Belén, Belén San Bernardo, ",CL 26 B 83 B 13 PISO 1,,6.2281836,-75.59334,Apartamento,67.0,2,2,0,0,Nuevo,0.0,200000000,0,2025-06-14,2025-07-01,2025-06-14,Arrendamientos El Castillo S.A.S
11016840,fincaraiz,https://www.fincaraiz.com.co/casa-en-venta-en-belen-san-bernardo-medellin/11016840,Colombia,Antioquia,Medellín,"Belén, Belén San Bernardo, ",CL 25 75 51 PISO 1,,6.2266319,-75.5940908,Casa,179.0,4,4,0,3,Nuevo,0.0,650000000,0,2024-06-27,2025-07-24,2024-06-27,Activos Y Bienes SAS
192622395,fincaraiz,https://www.fincaraiz.com.co/casa-en-venta-en-belen-las-playas-medellin/192622395,Colombia,Antioquia,Medellín,"Belen Las Playas, Belén, ",CARRERA 71 # 16-36,,6.221778967353,-75.593297962249,Casa,84.0,2,1,1,3,Usado,4.0,450000000,0,2025-07-10,2025-07-28,2025-07-10,Arrendamientos las vegas
191385559,fincaraiz,https://www.fincaraiz.com.co/casa-en-venta-en-la-gloria-medellin/191385559,Colombia,Antioquia,Medellín,"Belén Aliadas, Belén, La gloria, ",CL 18 A 77 28 PISO 2,,6.223456,-75.5991521,Casa,133.0,3,2,0,4,Nuevo,0.0,415000000,0,2024-09-13,2025-07-29,2024-09-13,Arrendamientos Villacruz
192099190,fincaraiz,https://www.fincaraiz.com.co/apartamento-en-venta-en-medellin/192099190,Colombia,Antioquia,Medellín,"Granada, Belén, Belén San Bernardo, ","Belén San Bernardo Carrera 74 A # 26 - 78, 5to piso",,6.2283007,-75.5948737,Apartamento,53.0,3,1,0,3,Usado,3.0,235000000,0,2025-03-04,2025-07-07,2025-03-04,SURAMERICANA DE ARRENDAMIENTOS S.A.
192755562,fincaraiz,https://www.fincaraiz.com.co/casa-en-venta-en-belen-las-playas-medellin/192755562,Colombia,Antioquia,Medellín,"Belén, Belen Las Playas, Aeroparque juan pablo ii, Belén San Bernardo, ",Belen Calle 18#71-33,,6.2223600707486,-75.59284532015,Casa,95.0,4,2,0,3,Usado,3.0,515000000,0,2025-08-14,2025-08-19,2025-08-14,ALFA FINCA RAIZ INMOBILIARIA SAS
191982488,fincaraiz,https://www.fincaraiz.com.co/bodega-en-venta-en-belen-medellin/191982488,Colombia,Antioquia,Medellín,"Belén, Belén San Bernardo, ",Carrera 74 # 24 - 16,,6.2263542,-75.5949022,Bodega,550.0,0,4,0,3,Usado,4.0,2100000000,0,2025-02-07,2025-07-04,2025-02-07,Arrendamientos Giraldo Posada
192657096,fincaraiz,https://www.fincaraiz.com.co/casa-en-venta-en-belen-san-bernardo-medellin/192657096,Colombia,Antioquia,Medellín,"Belén, Belén San Bernardo, ","Calle 25 # 75-51, Medellín, Antioquia, Colombia",,6.2270997,-75.5962958,Casa,136.0,4,4,0,3,Usado,4.0,680000000,0,2025-07-18,2025-07-18,2025-07-18,ARRENDAMIENTOS MEDELLIN
192175406,fincaraiz,https://www.fincaraiz.com.co/casa-en-venta-en-belen-medellin/192175406,Colombia,Antioquia,Medellín,"Belén, Belén San Bernardo, ","Cra. 73 #20A-46, Medellín, Belén, Medellín, Antioquia",,6.224489549779,-75.594630836408,Casa,138.0,3,2,2,3,Usado,4.0,490000000,0,2025-03-20,2025-06-20,2025-03-20,Liliana Amaya Inmobiliaria
192605657,fincaraiz,https://www.fincaraiz.com.co/apartamento-en-venta-en-loma-de-los-bernal-medellin/192605657,Colombia,Antioquia,Medellín,"Loma de los bernal, Urbanizacion san bernardo, Granada, Belén, Belén San Bernardo, ",Calle 7# 80-100,,6.2279894589812,-75.592279275055,Apartamento,105.0,3,2,1,5,Usado,4.0,700000000,535000,2025-07-05,2025-08-05,2025-07-05,Susana Laverde
192456014,fincaraiz,https://www.fincaraiz.com.co/oficina-en-venta-en-belen-medellin/192456014,Colombia,Antioquia,Medellín,"Diego echavarria, Rodeo Alto, Belen Las Playas, La mota, Belén, Urbanizacion cazadiana, ","Diagonal 75B #8-40, Medellín, Antioquia, Colombia",,6.2180192,-75.5981966,Oficina,54.0,0,2,2,4,Usado,4.0,600000000,838100,2025-05-27,2025-08-11,2025-05-27,INMOBILIARIA L&S SAS
7602822,fincaraiz,https://www.fincaraiz.com.co/apartamento-en-venta-en-belen-medellin/7602822,Colombia,Antioquia,Medellín,"Belen Las Playas, Belén, ",Calle 10 75a-38,,6.21994304656982,-75.5984191894531,Apartamento,70.0,2,1,0,3,Usado,4.0,290000000,0,2022-09-15,2025-07-29,2022-09-15,Total Bienes
192135470,fincaraiz,https://www.fincaraiz.com.co/apartamento-en-venta-en-medellin/192135470,Colombia,Antioquia,Medellín,"Urbanizacion san bernardo, Belén, Granada, Belén San Bernardo, ","Calle 26 #71-22, Medellín, Antioquia, Colombia",,6.2276872,-75.5924978,Apartamento,50.0,2,1,0,4,Usado,2.0,255000000,20000,2025-03-12,2025-03-12,2025-03-12,Inmobiliaria Echeverry
191837464,fincaraiz,https://www.fincaraiz.com.co/apartamento-en-venta-en-belen-san-bernardo-medellin/191837464,Colombia,Antioquia,Medellín,"Belén, Belén San Bernardo, Aeroparque juan pablo ii, ",CR 70 A 26 34 INT 201,,6.2264810977273,-75.591851204359,Apartamento,105.0,4,1,0,3,Nuevo,0.0,390000000,0,2025-01-02,2025-07-31,2025-01-02,Arrendamientos El Castillo S.A.S
192637265,fincaraiz,https://www.fincaraiz.com.co/apartamento-en-venta-en-belen-san-bernardo-medellin/192637265,Colombia,Antioquia,Medellín,"Belén, Belén San Bernardo, ","Calle 22 # 74-8, Medellín, Antioquia, Colombia",,6.2256535,-75.5958387,Apartamento,72.7,3,2,1,4,Usado,2.0,385000000,135000,2025-07-14,2025-07-31,2025-07-14,ARRENDAMIENTOS MEDELLIN
191141494,fincaraiz,https://www.fincaraiz.com.co/casa-en-venta-en-belen-las-playas-medellin/191141494,Colombia,Antioquia,Medellín,"Belén, Belen Las Playas, ",CL 12 # 11 - 35,,6.2193663685395,-75.593812071222,Casa,95.0,4,3,0,3,Usado,2.0,580000000,0,2024-07-23,2025-08-09,2024-07-23,ASESORIA INMOBILIARIA Y PROYECTOS
192632313,fincaraiz,https://www.fincaraiz.com.co/casa-en-venta-en-la-gloria-medellin/192632313,Colombia,Antioquia,Medellín,"La gloria, Belen La Palma, Belén, Belén San Bernardo, ",CL 25 79 A 25 INT 201,,6.2273774831435,-75.600032445673,Casa,96.0,3,2,0,3,Nuevo,0.0,420000000,0,2025-07-12,2025-08-20,2025-07-12,INMOBILIARIA PROTEBIENES
6834359,fincaraiz,https://www.fincaraiz.com.co/apartamento-en-venta-en-belen-medellin/6834359,Colombia,Antioquia,Medellín,"Belén, Belén San Bernardo, ",Calle 10 E   25 - 180,,6.22650003433228,-75.5930938720703,Apartamento,165.0,3,4,2,6,Usado,2.0,875000000,850000,2021-11-10,2025-07-28,2021-11-10,Inmobiliaria la Cumbre
191986617,fincaraiz,https://www.fincaraiz.com.co/apartamento-en-venta-en-belen-san-bernardo-medellin/191986617,Colombia,Antioquia,Medellín,"Belén, Belén San Bernardo, ",CALLE 16   75- 24,,6.2272218,-75.5960925,Apartamento,91.0,2,2,0,3,Usado,2.0,380000000,128000,2025-02-07,2025-07-04,2025-02-07,INDIKA INMOBILIARIA SAS
191628737,fincaraiz,https://www.fincaraiz.com.co/apartamento-en-venta-en-belen-medellin/191628737,Colombia,Antioquia,Medellín,"Belen Las Playas, Belén, ",calle 12 # 73-38  bloque 41 apto 202,,6.2199228,-75.5965519,Apartamento,80.0,3,2,0,3,Usado,5.0,410000000,0,2024-10-30,2025-07-03,2024-10-30,Petra Inmobiliaria
192632720,fincaraiz,https://www.fincaraiz.com.co/apartamento-en-venta-en-belen-san-bernardo-medellin/192632720,Colombia,Antioquia,Medellín,"Granada, Belén, Belén San Bernardo, ",calle 26 # 74-12,,6.2277626,-75.5946999,Apartamento,44.0,2,1,0,3,Nuevo,0.0,280000000,0,2025-07-12,2025-08-18,2025-07-12,NICOLAS PEREZ PROPIEDAD RAIZ
7434177,fincaraiz,https://www.fincaraiz.com.co/apartamento-en-venta-en-belen-medellin/7434177,Colombia,Antioquia,Medellín,"Belén, Belen Las Playas, Belén San Bernardo, ",carrera 71 20-10,,6.22350025177002,-75.5930862426758,Apartamento,116.22,4,2,0,3,Usado,4.0,550000000,0,2022-07-14,2025-08-13,2022-07-14,La Fuente Inmobiliaria
192609624,fincaraiz,https://www.fincaraiz.com.co/apartamento-en-venta-en-la-mota-medellin/192609624,Colombia,Antioquia,Medellín,"La mota, Belén, Belén San Bernardo, ",CR 76A  01 91 APT 215 URB PORTO ALEGRE,,6.228234,-75.597037,Apartamento,80.0,3,3,1,4,Usado,5.0,410000000,0,2025-07-07,2025-08-16,2025-07-07,Maxibienes S.A.S
10577771,fincaraiz,https://www.fincaraiz.com.co/apartamento-en-venta-en-medellin/10577771,Colombia,Antioquia,Medellín,"Diego echavarria, Belen Las Playas, Belén, Urbanizacion cazadiana, ",Carrera 75 # 9 A 02 Apto 402 bloque 11,,6.218588403126,-75.597268360817,Apartamento,77.0,3,2,1,3,Usado,4.0,400000000,323000,2024-02-12,2025-07-02,2024-02-12,Viva Inmobiliaria Asociados
192669340,fincaraiz,https://www.fincaraiz.com.co/apartamento-en-venta-en-belen-san-bernardo-medellin/192669340,Colombia,Antioquia,Medellín,"Belén, Belén San Bernardo, ","Carrera 76 & Calle 25, Medellín, Antioquia, Colombia",,6.2272353,-75.5965991,Apartamento,50.0,2,1,0,3,Usado,2.0,290000000,0,2025-07-22,2025-07-22,2025-07-22,OPCIONES INMOBILIARIAS
11058004,fincaraiz,https://www.fincaraiz.com.co/apartamento-en-venta-en-belen-medellin/11058004,Colombia,Antioquia,Medellín,"Belen Las Playas, Belén, Urbanizacion sorrento, ",Diagonal 79 #9 -133,,6.219916979885,-75.599017998017,Apartamento,89.0,3,2,1,4,Usado,5.0,450000000,285000,2024-07-18,2025-07-25,2024-07-18,CITY RAIZ
192081057,fincaraiz,https://www.fincaraiz.com.co/casa-en-venta-en-belen-san-bernardo-medellin/192081057,Colombia,Antioquia,Medellín,"Belén, Belén San Bernardo, ",Calle 24 #71 A -21,,6.22521451033,-75.593097189252,Casa,110.0,3,2,1,3,Usado,4.0,550000000,0,2025-02-27,2025-07-28,2025-02-27,Arrendamientos las vegas
192661310,fincaraiz,https://www.fincaraiz.com.co/apartamento-en-venta-en-belen-san-bernardo-medellin/192661310,Colombia,Antioquia,Medellín,"Belén, Belén San Bernardo, ",Calle 25 #75 -29,,6.227064983094,-75.59606488589,Apartamento,90.0,4,2,1,3,Usado,3.0,450000000,0,2025-07-20,2025-07-25,2025-07-20,CITY RAIZ
191508420,fincaraiz,https://www.fincaraiz.com.co/apartamento-en-venta-en-belen-medellin/191508420,Colombia,Antioquia,Medellín,"Belén Aliadas, Belén, Belén San Bernardo, La gloria, ",Diagonal 79 # 9 133,,6.2256743,-75.5997842,Apartamento,89.0,3,2,0,100,Usado,3.0,500000000,410000,2024-09-30,2025-07-03,2024-09-30,Grupo Empresarial Mi
192481563,fincaraiz,https://www.fincaraiz.com.co/casa-en-venta-en-la-gloria-medellin/192481563,Colombia,Antioquia,Medellín,"La gloria, Belén, Belén San Bernardo, ",CR 79 A 23 20 INT 201,,6.2270839,-75.599608,Casa,142.0,4,1,0,3,Nuevo,0.0,365000000,0,2025-06-03,2025-06-16,2025-06-03,Arrendamientos El Castillo S.A.S
192550447,fincaraiz,https://www.fincaraiz.com.co/casa-en-venta-en-belen-san-bernardo-medellin/192550447,Colombia,Antioquia,Medellín,"Belén, Belén San Bernardo, ",CR 72 20 A 56 2 PISO,,6.224302,-75.59385,Casa,9596.0,3,2,0,3,Nuevo,0.0,480000000,0,2025-06-19,2025-06-19,2025-06-19,Arrendamientos El Castillo S.A.S
192610844,fincaraiz,https://www.fincaraiz.com.co/casa-en-venta-en-cabañas-medellin/192610844,Colombia,Antioquia,Medellín,"Cabañas, Belén, Belén San Bernardo, ",CLL 24A # 50-17,,6.225772,-75.592825,Casa,84.0,3,2,0,4,Usado,4.0,460000000,0,2025-07-07,2025-07-28,2025-07-07,Arrendamientos e Inmobiliaria Alameda
192708359,fincaraiz,https://www.fincaraiz.com.co/casa-en-venta-en-belen-san-bernardo-medellin/192708359,Colombia,Antioquia,Medellín,"Belén, Belén San Bernardo, Aeroparque juan pablo ii, ","Calle 25 # 70A-38, Medellín, Antioquia, Colombia",,6.226291,-75.592322,Casa,120.0,3,2,0,3,Nuevo,,430000000,0,2025-08-01,2025-08-01,2025-08-01,PROVENZA INMOBILIARIA MEDELLIN S.A.S
191874551,fincaraiz,https://www.fincaraiz.com.co/casa-en-venta-en-belen-san-bernardo-medellin/191874551,Colombia,Antioquia,Medellín,"Belén, Belén San Bernardo, ",Calle 22 #74 -39,,6.225475983799,-75.595795994436,Casa,98.0,3,1,0,3,Usado,4.0,320000000,0,2025-01-14,2025-07-28,2025-01-14,Arrendamientos las vegas
10505689,fincaraiz,https://www.fincaraiz.com.co/apartamento-en-venta-en-belen-san-bernardo-medellin/10505689,Colombia,Antioquia,Medellín,"Belén, Belén San Bernardo, ",SAN BERNARDO,,6.2272696,-75.5960745,Apartamento,80.0,3,2,0,4,Usado,2.0,530000000,0,2024-01-26,2025-07-02,2024-01-26,VIVÁREA SAS
7374788,fincaraiz,https://www.fincaraiz.com.co/local-en-venta-en-belen-san-bernardo-medellin/7374788,Colombia,Antioquia,Medellín,"Belén Aliadas, Belén, Belén San Bernardo, La gloria, ",CR 76 19 30 PISO 1,,6.224102,-75.5972739,Local,138.0,0,2,0,3,Nuevo,0.0,850000000,0,2022-06-24,2025-07-02,2022-06-24,Arrendamientos El Castillo S.A.S
192014542,fincaraiz,https://www.fincaraiz.com.co/apartamento-en-venta-en-belen-san-bernardo-medellin/192014542,Colombia,Antioquia,Medellín,"Belén, Granada, Belén San Bernardo, ",Cra 74a # 26-78,,6.2283007,-75.5948737,Apartamento,53.0,3,1,0,4,Usado,3.0,235000000,0,2025-02-13,2025-07-07,2025-02-13,Viva Inmobiliaria Asociados
191986671,fincaraiz,https://www.fincaraiz.com.co/apartamento-en-venta-en-belen-san-bernardo-medellin/191986671,Colombia,Antioquia,Medellín,"Belén, Belén San Bernardo, ",CALLE 16   75- 24,,6.2272218,-75.5960925,Apartamento,70.0,3,2,0,3,Usado,2.0,365000000,0,2025-02-07,2025-07-04,2025-02-07,INDIKA INMOBILIARIA SAS
192227909,fincaraiz,https://www.fincaraiz.com.co/apartaestudio-en-venta-en-belen-san-bernardo-medellin/192227909,Colombia,Antioquia,Medellín,"Granada, Belén, Belén San Bernardo, ","Cra 73A # 26-15, Medellín, Antioquia, Colombia",,6.2276599,-75.5942611,Apartaestudio,44.0,2,1,0,3,Usado,4.0,280000000,0,2025-04-03,2025-07-03,2025-04-03,INVERSIONES INMOBIENES
192627771,fincaraiz,https://www.fincaraiz.com.co/casa-en-venta-en-belen-san-bernardo-medellin/192627771,Colombia,Antioquia,Medellín,"Belén Aliadas, Belén, Belén San Bernardo, La gloria, ",CR 78  20A 09,,6.22555,-75.598742,Casa,200.0,5,2,0,3,Usado,5.0,730000000,0,2025-07-11,2025-08-16,2025-07-11,Maxibienes S.A.S
10866802,fincaraiz,https://www.fincaraiz.com.co/apartamento-en-venta-en-medellin/10866802,Colombia,Antioquia,Medellín,"Belén, Belén San Bernardo, ",Torre de la Villa,,6.2262177,-75.5977364,Apartamento,127.0,3,2,1,4,Usado,5.0,550000000,498000,2024-05-09,2025-08-06,2024-05-09,Compro Casa
8269471,fincaraiz,https://www.fincaraiz.com.co/apartamento-en-venta-en-belen-las-playas-medellin/8269471,Colombia,Antioquia,Medellín,"Belen Las Playas, Belén, Aeroparque juan pablo ii, ",CALLE 14   70- 43,,6.2204456,-75.5928573,Apartamento,105.0,4,2,1,3,Usado,2.0,420000000,0,2023-10-06,2025-07-04,2023-10-06,Cuadra por Cuadra Inmobiliaria
192290927,fincaraiz,https://www.fincaraiz.com.co/apartamento-en-venta-en-belen-las-playas-medellin/192290927,Colombia,Antioquia,Medellín,"Urbanizacion rafael uribe uribe, Belén, Belen Las Playas, ",CL 11 71 37 PISO 2,,6.2201516,-75.595347,Apartamento,96.0,4,2,0,3,Nuevo,0.0,430000000,0,2025-04-21,2025-06-04,2025-04-21,Arrendamientos El Castillo S.A.S
10240621,fincaraiz,https://www.fincaraiz.com.co/apartamento-en-venta-en-belen-medellin/10240621,Colombia,Antioquia,Medellín,"Belén, ","Calle 26A #70a-7, Medellín, Antioquia, Colombia",,6.2280926,-75.5918488,Apartamento,76.0,4,1,0,3,Usado,4.0,360000000,0,2023-10-02,2025-07-02,2023-10-02,Arrendamientos Santa Fe - Ventas
191766218,fincaraiz,https://www.fincaraiz.com.co/bodega-en-venta-en-belen-san-bernardo-medellin/191766218,Colombia,Antioquia,Medellín,"Belén San Bernardo, ",CR 74 24 16,,6.2263542,-75.5949022,Bodega,650.0,0,4,0,3,Nuevo,0.0,2100000000,0,2024-12-06,2025-07-04,2024-12-06,Orientamos S.A.S.
192619891,fincaraiz,https://www.fincaraiz.com.co/casa-en-venta-en-belen-medellin/192619891,Colombia,Antioquia,Medellín,"Belén, Belén San Bernardo, ",Cra. 73 # 21-0,,6.2246947,-75.5945774,Casa,75.0,2,2,0,0,Usado,4.0,330000000,0,2025-07-09,2025-08-04,2025-07-09,Tu360Inmobiliario en colaboración con Pulppo
192214590,fincaraiz,https://www.fincaraiz.com.co/apartamento-en-venta-en-belen-san-bernardo-medellin/192214590,Colombia,Antioquia,Medellín,"Belén, Belén San Bernardo, Aeroparque juan pablo ii, ",CR 70 25 11 401 AP,,6.226456,-75.5915054,Apartamento,80.0,3,2,1,3,Nuevo,0.0,450000000,0,2025-03-31,2025-06-26,2025-03-31,Arrendamientos El Castillo S.A.S
192452875,fincaraiz,https://www.fincaraiz.com.co/casa-en-venta-en-diego-echavarria-medellin/192452875,Colombia,Antioquia,Medellín,"Diego echavarria, Belén, Urbanizacion cazadiana, ",cra 72 # 9-65,,6.217398,-75.5954749,Casa,119.0,3,2,1,3,Usado,5.0,620000000,0,2025-05-26,2025-06-10,2025-05-26,MUNDIVERSO INMOBILIARIA
192605195,fincaraiz,https://www.fincaraiz.com.co/casa-en-venta-en-belen-medellin/192605195,Colombia,Antioquia,Medellín,"Belén Aliadas, Belén, Belen La Palma, Belén San Bernardo, La gloria, ",CR 80 C 19 39 PISO 1,,6.2267470569161,-75.601193024963,Casa,105.0,5,4,1,3,Nuevo,0.0,540000000,0,2025-07-05,2025-07-24,2025-07-05,Activos Y Bienes SAS
191961428,fincaraiz,https://www.fincaraiz.com.co/casa-en-venta-en-belen-las-playas-medellin/191961428,Colombia,Antioquia,Medellín,"Belen Las Playas, Belén, ",Carrera 71 #16 -26,,6.221823359943,-75.5931934135,Casa,51.0,2,1,0,3,Usado,4.0,250000000,0,2025-02-03,2025-07-28,2025-02-03,Arrendamientos las vegas
192169192,fincaraiz,https://www.fincaraiz.com.co/apartamento-en-venta-en-belen-medellin/192169192,Colombia,Antioquia,Medellín,"Belén, Belén San Bernardo, ",CL 24 77 29 AP 401,,6.2253599794923,-75.593000679929,Apartamento,50.0,2,2,0,3,Nuevo,0.0,215000000,0,2025-03-19,2025-08-11,2025-03-19,Tu Espacio Inmobiliario
192708546,fincaraiz,https://www.fincaraiz.com.co/casa-en-venta-en-belen-san-bernardo-medellin/192708546,Colombia,Antioquia,Medellín,"Belén, Belén San Bernardo, Aeroparque juan pablo ii, ","Calle 25 # 70A-38, Medellín, Antioquia, Colombia",,6.226291,-75.592322,Casa,85.0,3,2,0,3,Nuevo,,425000000,0,2025-08-01,2025-08-01,2025-08-01,PROVENZA INMOBILIARIA MEDELLIN S.A.S
191385639,fincaraiz,https://www.fincaraiz.com.co/apartamento-en-venta-en-belen-las-playas-medellin/191385639,Colombia,Antioquia,Medellín,"Belen Las Playas, Urbanizacion san bernardo, Granada, Urbanizacion rosales del parque, Belén, Belén San Bernardo, Aeroparque juan pablo ii, ",Carrera 70 #26 A -33,,6.228831008183,-75.59160495903,Apartamento,90.0,3,2,1,4,Usado,4.0,490000000,325000,2024-09-13,2025-07-28,2024-09-13,Arrendamientos las vegas
11034248,fincaraiz,https://www.fincaraiz.com.co/apartamento-en-venta-en-belen-medellin/11034248,Colombia,Antioquia,Medellín,"Diego echavarria, Belen Las Playas, Belén, Urbanizacion cazadiana, ","Cra. 75 #2B sur -35, Medellín, Belén, Medellín, Antioquia, Colombia",,6.2188643,-75.5975059,Apartamento,64.0,3,2,1,4,Usado,4.0,420000000,0,2024-07-07,2025-07-02,2024-07-07,Houm
11070091,fincaraiz,https://www.fincaraiz.com.co/apartamento-en-venta-en-medellin/11070091,Colombia,Antioquia,Medellín,"Urbanizacion rafael uribe uribe, Belen Las Playas, Belén, ",Calle 13 # 75-83 apto 402 bloque 53,,6.2205178733341,-75.595574477793,Apartamento,70.0,3,1,0,3,Usado,3.0,320000000,0,2024-07-25,2025-07-02,2024-07-25,Viva Inmobiliaria Asociados
191491135,fincaraiz,https://www.fincaraiz.com.co/apartamento-en-venta-en-belen-medellin/191491135,Colombia,Antioquia,Medellín,"Diego echavarria, Rodeo Alto, Belén, La mota, Belen Las Playas, Urbanizacion sorrento, ",CARRERA 76   9AA- 48,,6.219419,-75.5988764,Apartamento,96.0,3,3,0,4,Usado,3.0,350000000,0,2024-09-26,2025-07-03,2024-09-26,Arrendamientos Envigado
192055536,fincaraiz,https://www.fincaraiz.com.co/bodega-en-venta-en-belen-medellin/192055536,Colombia,Antioquia,Medellín,"Belén, Belén San Bernardo, ","Cra. 74 #24-16, Medellín, Belén",,6.2272169475274,-75.594601030891,Bodega,550.0,0,2,2,3,Usado,4.0,2400000000,0,2025-02-21,2025-07-07,2025-02-21,RHBRAIZ
191837483,fincaraiz,https://www.fincaraiz.com.co/apartamento-en-venta-en-belen-san-bernardo-medellin/191837483,Colombia,Antioquia,Medellín,"Belén, Belén San Bernardo, Aeroparque juan pablo ii, ",CR 70 A 26 34 INT 301,,6.2264978,-75.5918504,Apartamento,98.0,3,1,0,3,Nuevo,0.0,365000000,0,2025-01-02,2025-07-11,2025-01-02,Arrendamientos El Castillo S.A.S
191997871,fincaraiz,https://www.fincaraiz.com.co/apartamento-en-venta-en-el-poblado-medellin/191997871,Colombia,Antioquia,Medellín,"El Poblado, Belén Aliadas, Belen Las Playas, Belén, Belén San Bernardo, La gloria, ",Calle 16 # 40-140,,6.2223342,-75.5984889,Apartamento,165.0,3,3,2,6,Usado,4.0,970000000,870000,2025-02-10,2025-07-04,2025-02-10,NICOLAS PEREZ PROPIEDAD RAIZ
191691822,fincaraiz,https://www.fincaraiz.com.co/apartamento-en-venta-en-belen-medellin/191691822,Colombia,Antioquia,Medellín,"Belén, Belén San Bernardo, ",CR 74 A 26 78,,6.2276482,-75.5951061,Apartamento,63.0,3,1,0,3,Nuevo,0.0,235000000,0,2024-11-16,2025-08-03,2024-11-16,Activos Y Bienes SAS
192731968,fincaraiz,https://www.fincaraiz.com.co/apartamento-en-venta-en-belen-medellin/192731968,Colombia,Antioquia,Medellín,"Belén, Granada, Belén San Bernardo, ",CR 74 A 26 78 PISO 5,,6.2281296,-75.5949847,Apartamento,53.0,3,1,0,3,Usado,1.0,238000000,0,2025-08-08,2025-08-08,2025-08-08,Merino Hermanos y Cía Ltda.
191507562,fincaraiz,https://www.fincaraiz.com.co/apartamento-en-venta-en-belen-medellin/191507562,Colombia,Antioquia,Medellín,"Urbanizacion rafael uribe uribe, Belen Las Playas, Belén, Belén San Bernardo, ",Carrera 71 # 18 31,,6.2228476,-75.5933121,Apartamento,180.0,4,3,0,3,Usado,5.0,435000000,0,2024-09-30,2025-07-03,2024-09-30,Grupo Empresarial Mi
192564186,fincaraiz,https://www.fincaraiz.com.co/apartamento-en-venta-en-belen-san-bernardo-medellin/192564186,Colombia,Antioquia,Medellín,"Belén, Belén San Bernardo, ",CL 24A # 71 - 41,,6.2256065833245,-75.59271230734,Apartamento,67.0,2,1,0,3,Usado,4.0,200000000,0,2025-06-24,2025-08-13,2025-06-24,INVERSIONES INMOBIENES
192462931,fincaraiz,https://www.fincaraiz.com.co/casa-en-venta-en-belen-san-bernardo-medellin/192462931,Colombia,Antioquia,Medellín,"Urbanizacion rafael uribe uribe, Belén, Belen Las Playas, Belén San Bernardo, ",calle 20#72,,6.223631,-75.594226,Casa,140.0,4,3,0,3,Usado,4.0,620000000,0,2025-05-28,2025-07-09,2025-05-28,Arrendamientos e Inmobiliaria Alameda
191766935,fincaraiz,https://www.fincaraiz.com.co/apartamento-en-venta-en-belen-san-bernardo-medellin/191766935,Colombia,Antioquia,Medellín,"Belén, Belén San Bernardo, ","Calle 24 #71A-56, Medellín, Antioquia, Colombia",,6.225645,-75.5932204,Apartamento,66.0,2,1,0,3,Usado,2.0,185000000,0,2024-12-06,2025-07-04,2024-12-06,Coseinpro
192695325,fincaraiz,https://www.fincaraiz.com.co/apartamento-en-venta-en-belen-san-bernardo-medellin/192695325,Colombia,Antioquia,Medellín,"Belén, Belén San Bernardo, ","Calle 22 # 75-35, Medellín, Antioquia, Colombia",,6.225643,-75.596489,Apartamento,55.0,3,2,0,3,Usado,3.0,310000000,70000,2025-07-29,2025-07-29,2025-07-29,ARRENDAMIENTOS MEDELLIN
10571957,fincaraiz,https://www.fincaraiz.com.co/casa-en-venta-en-medellin/10571957,Colombia,Antioquia,Medellín,"Belén, Belen Las Playas, ",Calle 15 # 70-24,,6.221833219974,-75.593105516038,Casa,140.0,3,2,1,3,Usado,4.0,450000000,0,2024-02-09,2025-07-02,2024-02-09,Viva Inmobiliaria Asociados
191576328,fincaraiz,https://www.fincaraiz.com.co/casa-en-venta-en-belen-medellin/191576328,Colombia,Antioquia,Medellín,"Belén, Belén San Bernardo, ",Calle  24 # 71 A 21,,6.22521451033,-75.593097189252,Casa,90.0,3,2,1,3,Usado,5.0,535000000,0,2024-10-16,2025-07-25,2024-10-16,CITY RAIZ
10975144,fincaraiz,https://www.fincaraiz.com.co/casa-lote-en-venta-en-belen-san-bernardo-medellin/10975144,Colombia,Antioquia,Medellín,"Belén, Belén San Bernardo, ","Carrera 76 #23-16, Medellín, Antioquia, Colombia",,6.2262737,-75.5967768,Casa,212.21,0,0,0,3,Usado,5.0,1380000000,0,2024-06-12,2025-07-02,2024-06-12,ARRENDAMIENTOS MEDELLIN
10602830,fincaraiz,https://www.fincaraiz.com.co/casa-en-venta-en-diego-echavarria-medellin/10602830,Colombia,Antioquia,Medellín,"Diego echavarria, Belén, Belen Las Playas, Aeroparque juan pablo ii, ","Carrera 70A #9a-28, Medellín, Antioquia, Colombia",,6.2171465,-75.5934958,Casa,119.0,3,2,1,3,Usado,5.0,600000000,0,2024-02-17,2025-07-02,2024-02-17,ARRENDAMIENTOS MEDELLIN
10706072,fincaraiz,https://www.fincaraiz.com.co/casa-en-venta-en-belen-medellin/10706072,Colombia,Antioquia,Medellín,"Belén, ","Cl. 25 #79a-109, Medellín, Antioquia, Colombia",,6.2273734,-75.6001144,Casa,112.0,4,3,0,3,Usado,5.0,380000000,0,2024-03-19,2025-07-02,2024-03-19,Arrendamientos Santa Fe - Ventas
191677607,fincaraiz,https://www.fincaraiz.com.co/casa-en-venta-en-belen-san-bernardo-medellin/191677607,Colombia,Antioquia,Medellín,"Belén, Belén San Bernardo, ",CALLE 22 # 71A-21,,6.2246048,-75.5935766,Casa,170.0,5,3,0,3,Usado,2.0,420000000,0,2024-11-13,2025-07-04,2024-11-13,Inmobiliaria Tobon
10800776,fincaraiz,https://www.fincaraiz.com.co/casa-en-venta-en-belen-las-playas-medellin/10800776,Colombia,Antioquia,Medellín,"Urbanizacion rafael uribe uribe, Belén, Belen Las Playas, ","Las Playas, Medellín, Belén, Medellín, Antioquia, Colombia",,6.2201516,-75.595347,Casa,88.3,3,2,0,3,Nuevo,0.0,370000000,0,2024-04-19,2025-04-23,2024-04-19,Inmobiliaria Echeverry
191664746,fincaraiz,https://www.fincaraiz.com.co/casa-en-venta-en-belen-medellin/191664746,Colombia,Antioquia,Medellín,"Belén, ",CL 24 # 72 - 28,,6.2259009734501,-75.593735384131,Casa,95.49,3,2,1,3,Usado,4.0,430000000,0,2024-11-09,2025-07-04,2024-11-09,Arrendamientos Santa Fe - Ventas
191809260,fincaraiz,https://www.fincaraiz.com.co/casa-en-venta-en-belen-las-playas-medellin/191809260,Colombia,Antioquia,Medellín,"Belén, Belen Las Playas, ",CL 13 A 71 A 40 PISO 1,,6.2202869,-75.5938971,Casa,120.0,4,1,0,3,Nuevo,0.0,460000000,0,2024-12-18,2025-07-04,2024-12-18,INMOBILIARIA PROTEBIENES
11066418,fincaraiz,https://www.fincaraiz.com.co/casa-en-venta-en-belen-medellin/11066418,Colombia,Antioquia,Medellín,"Belén, Belén San Bernardo, ","San Bernardo, Medellín, Belén, Medellin, Antioquia, Colombia",,6.2272696,-75.5960745,Casa,75.0,3,2,0,3,Nuevo,0.0,319400000,0,2024-07-23,2025-07-02,2024-07-23,EMPORIO BIENES Y CAPITALES S.A.S
10675504,fincaraiz,https://www.fincaraiz.com.co/casa-en-venta-en-belen-medellin/10675504,Colombia,Antioquia,Medellín,"Belén, Belen La Palma, Belén San Bernardo, ",CL 25 79 A 109 PISO 2,,6.2273714,-75.600111,Casa,112.0,4,2,0,3,Usado,1.0,430000000,0,2024-03-09,2025-07-28,2024-03-09,Arrendamientos las vegas
10969447,fincaraiz,https://www.fincaraiz.com.co/casa-en-venta-en-belen-medellin/10969447,Colombia,Antioquia,Medellín,"Belén, Belén San Bernardo, ","Carrera 76 #23-16, Medellín, Antioquia, Colombia",,6.2262737,-75.5967768,Casa,200.0,0,0,0,4,Usado,5.0,1380000000,0,2024-06-09,2025-07-14,2024-06-09,JULIAN VELASQUEZ
191085457,fincaraiz,https://www.fincaraiz.com.co/casa-en-venta-en-belen-san-bernardo-medellin/191085457,Colombia,Antioquia,Medellín,"Belén, Belén San Bernardo, ","Calle 25 #75-51, Colombia, Medellín, Antioquia, Colombia",,6.2270365,-75.5961695,Casa,136.0,4,4,0,3,Usado,5.0,650000000,0,2024-07-03,2025-07-02,2024-07-03,JULIAN VELASQUEZ
10900425,fincaraiz,https://www.fincaraiz.com.co/casa-en-venta-en-belen-las-playas-medellin/10900425,Colombia,Antioquia,Medellín,"Belen Las Playas, Belén, Aeroparque juan pablo ii, ",Calle 15 #70 -75,,6.220950929551,-75.593174302761,Casa,100.0,3,3,0,3,Usado,4.0,400000000,0,2024-05-20,2025-07-28,2024-05-20,Arrendamientos las vegas
10914609,fincaraiz,https://www.fincaraiz.com.co/bodega-en-venta-en-belen-san-bernardo-medellin/10914609,Colombia,Antioquia,Medellín,"Belén, Belén San Bernardo, ",Carrera 74 #24 -16,,6.226269540482,-75.594824615677,Bodega,550.0,2,2,4,6,Usado,4.0,2400000000,0,2024-05-23,2025-07-11,2024-05-23,BRIKSS SAS
10760914,fincaraiz,https://www.fincaraiz.com.co/casa-en-venta-en-belen-alameda-medellin/10760914,Colombia,Antioquia,Medellín,"Belen Alameda, Belén, Belen Las Playas, Urbanizacion cazadiana, ",CR 75 A 32 A 136 CS,,6.2196622,-75.5980745,Casa,200.0,7,8,1,5,Nuevo,0.0,1400000000,0,2024-04-09,2025-07-02,2024-04-09,Arrendamientos El Castillo S.A.S
10570727,fincaraiz,https://www.fincaraiz.com.co/casa-en-venta-en-belen-la-palma-medellin/10570727,Colombia,Antioquia,Medellín,"Belen La Palma, Belén, Belén San Bernardo, ",Calle 24 # 82A -48 Piso 1,,6.226812797164,-75.599911241708,Casa,183.0,4,3,1,5,Nuevo,0.0,690000000,0,2024-02-09,2025-07-02,2024-02-09,Viva Inmobiliaria Asociados
10851278,fincaraiz,https://www.fincaraiz.com.co/casa-en-venta-en-belen-las-playas-medellin/10851278,Colombia,Antioquia,Medellín,"Urbanizacion rafael uribe uribe, Belén, Belen Las Playas, ","Las Playas, Belén, Medellín, Antioquia, Colombia",,6.2201516,-75.595347,Casa,102.3,3,2,1,3,Nuevo,0.0,440000000,0,2024-05-06,2025-04-23,2024-05-06,Inmobiliaria Echeverry
192569844,fincaraiz,https://www.fincaraiz.com.co/apartamento-en-venta-en-urbanizacion-quintas-del-sol-de-la-mota-medellin/192569844,Colombia,Antioquia,Medellín,"Urbanizacion quintas del sol de la mota, ","Cr75 # 2 B Sur-35, Medellín, Antioquia.
Urbanización santa Juana",,6.2236131,-75.5965674,Apartamento,67.0,3,2,1,3,Nuevo,0.0,385000000,395000,2025-06-25,2025-08-14,2025-06-25,KSTA INMOBILIARIA
192699518,fincaraiz,https://www.fincaraiz.com.co/apartamento-en-venta-en-belen-las-playas-medellin/192699518,Colombia,Antioquia,Medellín,"Belen Las Playas, Belén, Belén San Bernardo, Aeroparque juan pablo ii, ",CALLE 25 70A- 38,,6.226291,-75.592322,Apartamento,85.0,3,2,0,4,Usado,2.0,420000000,0,2025-07-30,2025-07-30,2025-07-30,PANORAMA SAN JUAN
192668051,fincaraiz,https://www.fincaraiz.com.co/apartamento-en-venta-en-belen-san-bernardo-medellin/192668051,Colombia,Antioquia,Medellín,"Belén, Belén San Bernardo, ",Carrera 75 #25 -41,,6.227318950814,-75.59572670905,Apartamento,120.0,4,3,0,3,Usado,4.0,500000000,0,2025-07-22,2025-07-22,2025-07-22,Mattis Inmobiliaria
192311536,fincaraiz,https://www.fincaraiz.com.co/casa-en-venta-en-belen-san-bernardo-medellin/192311536,Colombia,Antioquia,Medellín,"Belén San Bernardo, ","calle 24 número 71 a 21 Belén, Medellín, Antioquia",,6.2252729,-75.593051,Casa,110.0,3,2,0,3,Nuevo,0.0,540000000,0,2025-04-25,2025-08-08,2025-04-25,KSTA INMOBILIARIA
192585910,fincaraiz,https://www.fincaraiz.com.co/casa-en-venta-en-la-doctora-medellin/192585910,Colombia,Antioquia,Medellín,"La doctora, Belén Aliadas, Belén, La gloria, Belén San Bernardo, ","BELÉN SAN BERNARDO , Calle 24 #71 a 21",,6.2239208,-75.5973645,Casa,130.0,4,2,1,3,Usado,4.0,545000000,0,2025-06-30,2025-08-08,2025-06-30,Compro Casa
192731716,fincaraiz,https://www.fincaraiz.com.co/apartamento-en-venta-en-belen-medellin/192731716,Colombia,Antioquia,Medellín,"Urbanizacion rafael uribe uribe, Belen Las Playas, Belén, ",Belén,,6.2201516,-75.595347,Apartamento,105.0,5,1,0,3,Usado,3.0,380000000,0,2025-08-08,2025-08-08,2025-08-08,D Logistica Inmobiliaria
192721513,fincaraiz,https://www.fincaraiz.com.co/casa-en-venta-en-belen-medellin/192721513,Colombia,Antioquia,Medellín,"Belén, Belén San Bernardo, ",Calle 24 No. 71a - 21,,6.225200884546,-75.592790544033,Casa,130.0,4,2,2,3,Usado,4.0,560000000,0,2025-08-05,2025-08-05,2025-08-05,VIVIENDO GRUPO INMOBILIARIO
192481255,fincaraiz,https://www.fincaraiz.com.co/apartamento-en-venta-en-belen-medellin/192481255,Colombia,Antioquia,Medellín,"Belén, Belen Las Playas, ",CL 13 73 22 INT 401 BL 32,,6.2204906,-75.5968866,Apartamento,7830.0,3,2,0,3,Nuevo,0.0,330000000,0,2025-06-03,2025-06-03,2025-06-03,Arrendamientos El Castillo S.A.S
192390738,fincaraiz,https://www.fincaraiz.com.co/apartamento-en-venta-en-belen-san-bernardo-medellin/192390738,Colombia,Antioquia,Medellín,"Belén, Belén San Bernardo, ",SAN BERNARDO,,6.2272696,-75.5960745,Apartamento,100.0,3,2,0,3,Usado,4.0,460000000,0,2025-05-14,2025-05-14,2025-05-14,VIVÁREA SAS
192464530,fincaraiz,https://www.fincaraiz.com.co/local-en-venta-en-laureles-medellin/192464530,Colombia,Antioquia,Medellín,"Laureles, Belén, Belén San Bernardo, ",Cra 74 39B 15,,6.2252000445102,-75.595526686481,Local,51.0,0,1,1,5,Usado,5.0,400000000,492000,2025-05-29,2025-07-01,2025-05-29,PROYECTA IN INMOBILIARIA SAS
192174210,fincaraiz,https://www.fincaraiz.com.co/casa-en-venta-en-belen-las-playas-medellin/192174210,Colombia,Antioquia,Medellín,"Belen Las Playas, Belén, Aeroparque juan pablo ii, ",Calle 11 # 70-36,,6.219087003832,-75.593355016594,Casa,100.0,4,1,0,3,Usado,4.0,450000000,0,2025-03-20,2025-07-28,2025-03-20,Arrendamientos las vegas
192632367,fincaraiz,https://www.fincaraiz.com.co/casa-en-venta-en-belen-medellin/192632367,Colombia,Antioquia,Medellín,"Diego echavarria, Belén, Belen Las Playas, Urbanizacion cazadiana, ",CR 75 28 27 AP 201,,6.219035,-75.5975366,Casa,161.0,4,5,0,3,Nuevo,0.0,460000000,0,2025-07-12,2025-07-12,2025-07-12,Activos Y Bienes SAS
192338377,fincaraiz,https://www.fincaraiz.com.co/local-en-venta-en-belen-medellin/192338377,Colombia,Antioquia,Medellín,"Urbanizacion san bernardo, Granada, Belén, Urbanizacion rosales del parque, Belén San Bernardo, Aeroparque juan pablo ii, ",Carrera 70 # 26 A 33,,6.2286996,-75.591641,Local,60.0,0,1,0,4,Usado,5.0,600000000,0,2025-05-02,2025-05-20,2025-05-02,Grupo Empresarial Mi
192359660,fincaraiz,https://www.fincaraiz.com.co/apartamento-en-venta-en-belen-medellin/192359660,Colombia,Antioquia,Medellín,"Belen Las Playas, Belén, ",Carrera 71 A 12-37,,6.2197751,-75.5940629,Apartamento,56.0,3,1,0,3,Usado,5.0,265000000,0,2025-05-07,2025-05-20,2025-05-07,Grupo Empresarial Mi
192760853,fincaraiz,https://www.fincaraiz.com.co/apartamento-en-venta-en-belen-medellin/192760853,Colombia,Antioquia,Medellín,"Belén, Belén San Bernardo, ",CR 60 110 223 PISO 1,,6.2266158,-75.5940249,Apartamento,60.0,2,2,0,4,Nuevo,0.0,200000000000000,0,2025-08-16,2025-08-16,2025-08-16,Arrendamientos El Castillo S.A.S
192354167,fincaraiz,https://www.fincaraiz.com.co/casa-en-venta-en-medellin/192354167,Colombia,Antioquia,Medellín,"Belén, Belén San Bernardo, ",Belen San Bernardo,,6.2272696,-75.5960745,Casa,112.0,3,2,0,3,Nuevo,0.0,355000000,0,2025-05-06,2025-08-13,2025-05-06,Triangulo Inmobiliario
192282953,fincaraiz,https://www.fincaraiz.com.co/casa-en-venta-en-belen-san-bernardo-medellin/192282953,Colombia,Antioquia,Medellín,"Belén, Belén San Bernardo, Aeroparque juan pablo ii, ",Belén San Bernardo - Calle 19 # 75 A 29,,6.2245574,-75.5923941,Casa,118.0,3,2,0,4,Usado,4.0,600000000,0,2025-04-16,2025-07-11,2025-04-16,CASAS Y ESPACIOS
192509665,fincaraiz,https://www.fincaraiz.com.co/casa-en-venta-en-belen-san-bernardo-medellin/192509665,Colombia,Antioquia,Medellín,"Urbanizacion rafael uribe uribe, Belen Las Playas, Belén, Belén San Bernardo, ",Calle 20 #72 -46,,6.223663983971,-75.594525884648,Casa,140.0,4,3,1,3,Usado,2.0,620000000,0,2025-06-10,2025-07-28,2025-06-10,Arrendamientos las vegas
192601028,fincaraiz,https://www.fincaraiz.com.co/apartamento-en-venta-en-belen-medellin/192601028,Colombia,Antioquia,Medellín,"Urbanizacion rafael uribe uribe, Belén, Belen Las Playas, ",Calle 17 # 71 - 65,,6.2220978,-75.5940881,Apartamento,120.0,4,2,0,3,Usado,5.0,420000000,0,2025-07-04,2025-07-04,2025-07-04,Petra Inmobiliaria
192758778,fincaraiz,https://www.fincaraiz.com.co/bodega-en-venta-en-belen-medellin/192758778,Colombia,Antioquia,Medellín,"Urbanizacion san bernardo, Belén, Granada, Belén San Bernardo, ",Carrera 73 # 25 251,,6.2278397,-75.5937213,Bodega,505.0,0,2,0,4,Usado,5.0,1800000000,0,2025-08-15,2025-08-15,2025-08-15,Grupo Empresarial Mi
192579805,fincaraiz,https://www.fincaraiz.com.co/casa-en-venta-en-medellin/192579805,Colombia,Antioquia,Medellín,"Urbanizacion rafael uribe uribe, Belen Las Playas, Belén, ",CL 17 #71 65,,6.2220736,-75.594093,Casa,105.0,3,2,0,3,Usado,2.0,480000000,0,2025-06-27,2025-07-02,2025-06-27,PANORAMA BELEN
192471675,fincaraiz,https://www.fincaraiz.com.co/casa-en-venta-en-urbanizacion-quintas-del-sol-de-la-mota-medellin/192471675,Colombia,Antioquia,Medellín,"Urbanizacion quintas del sol de la mota, ","Cra. 75 DA #2b Sur 100, Medellín, belén",,6.2200707,-75.5972793,Casa,74.0,4,3,1,4,Nuevo,0.0,455000000,218700,2025-05-30,2025-08-08,2025-05-30,KSTA INMOBILIARIA
192137957,fincaraiz,https://www.fincaraiz.com.co/apartamento-en-venta-en-belen-medellin/192137957,Colombia,Antioquia,Medellín,"Belén, ",CALLE 12 # 75-37 unidad Victoria Real Belén las playas,,6.2200425,-75.5976163,Apartamento,66.0,3,2,0,3,Usado,4.0,315000000,142000,2025-03-13,2025-08-08,2025-03-13,KSTA INMOBILIARIA
192347228,fincaraiz,https://www.fincaraiz.com.co/apartamento-en-venta-en-belen-san-bernardo-medellin/192347228,Colombia,Antioquia,Medellín,"Granada, Belén, Belén San Bernardo, ",Carrera 74 #26 -78,,6.228330231378,-75.59479670394,Apartamento,51.0,3,2,0,4,Usado,3.0,235000000,0,2025-05-05,2025-05-06,2025-05-05,Mattis Inmobiliaria
192397060,fincaraiz,https://www.fincaraiz.com.co/local-en-venta-en-el-poblado-medellin/192397060,Colombia,Antioquia,Medellín,"El Poblado, Belén, Belén San Bernardo, ",CL 20A  78 54,,6.2266211707956,-75.598501165766,Local,102.0,0,1,0,100,Usado,2.0,600000000,0,2025-05-15,2025-06-12,2025-05-15,BROKER
192619386,fincaraiz,https://www.fincaraiz.com.co/casa-en-venta-en-belen-medellin/192619386,Colombia,Antioquia,Medellín,"Belén, Belen Las Playas, Belén San Bernardo, ",CALLE 18 #81,,6.222301,-75.592975,Casa,189.0,3,2,1,4,Usado,4.0,950000000,0,2025-07-09,2025-07-09,2025-07-09,INMOBILIARIA SELECTA
192579785,fincaraiz,https://www.fincaraiz.com.co/apartamento-en-venta-en-belen-medellin/192579785,Colombia,Antioquia,Medellín,"Diego echavarria, Belén, Belen Las Playas, Urbanizacion cazadiana, ",CR 72 #10A 26,,6.2189445,-75.5948299,Apartamento,89.0,3,2,0,3,Usado,2.0,320000000,0,2025-06-27,2025-07-02,2025-06-27,PANORAMA BELEN
192175269,fincaraiz,https://www.fincaraiz.com.co/casa-en-venta-en-belen-las-playas-medellin/192175269,Colombia,Antioquia,Medellín,"Belen Las Playas, Belén, Aeroparque juan pablo ii, ",Cll 11 # 70 -36,,6.219087003832,-75.593355016594,Casa,95.0,3,1,0,3,Usado,4.0,430000000,0,2025-03-20,2025-07-28,2025-03-20,Arrendamientos las vegas
192347817,fincaraiz,https://www.fincaraiz.com.co/casa-en-venta-en-belen-san-bernardo-medellin/192347817,Colombia,Antioquia,Medellín,"Belén, Belén San Bernardo, ",Calle 27 #77 -77,,6.228330985749,-75.59781100396,Casa,97.0,3,3,1,4,Usado,4.0,590000000,495000,2025-05-05,2025-05-06,2025-05-05,Mattis Inmobiliaria
192136508,fincaraiz,https://www.fincaraiz.com.co/casa-en-venta-en-belen-las-playas-medellin/192136508,Colombia,Antioquia,Medellín,"Belén, Belen Las Playas, Aeroparque juan pablo ii, ",Calle 16 # 70-72 Apto. 401,,6.221646,-75.5928837,Casa,115.0,3,2,0,3,Usado,3.0,345000000,0,2025-03-13,2025-03-13,2025-03-13,Viva Inmobiliaria Asociados
192759093,fincaraiz,https://www.fincaraiz.com.co/casa-en-venta-en-belen-medellin/192759093,Colombia,Antioquia,Medellín,"Urbanizacion rafael uribe uribe, Belen Las Playas, Belén, Belén San Bernardo, ",CALLE 18 76- 06,,6.2230109,-75.596104,Casa,144.0,4,3,2,4,Usado,4.0,730000000,0,2025-08-15,2025-08-15,2025-08-15,BEMSA
192445631,fincaraiz,https://www.fincaraiz.com.co/apartamento-en-venta-en-el-poblado-medellin/192445631,Colombia,Antioquia,Medellín,"El Poblado, Belen Las Playas, Belén, Belén San Bernardo, Aeroparque juan pablo ii, ",Calle 19 # 43 80,,6.2227731,-75.5925612,Apartamento,84.0,3,2,0,6,Usado,5.0,680000000,400000,2025-05-24,2025-05-24,2025-05-24,Grupo Empresarial Mi
192428668,fincaraiz,https://www.fincaraiz.com.co/apartamento-en-venta-en-belen-san-bernardo-medellin/192428668,Colombia,Antioquia,Medellín,"Belén, Granada, Belén San Bernardo, ",CR 75 26 AP 201,,6.2283106,-75.5954983,Apartamento,87.0,3,2,0,3,Nuevo,0.0,350000000,0,2025-05-21,2025-05-22,2025-05-21,Arrendamientos El Castillo S.A.S
192767225,fincaraiz,https://www.fincaraiz.com.co/casa-en-venta-en-belen-medellin/192767225,Colombia,Antioquia,Medellín,"Belén Aliadas, Belén, Belén San Bernardo, La gloria, ",CARERRA 79 # 20A 02,,6.2256307,-75.5993485,Casa,248.0,6,4,1,3,Usado,5.0,628000000,0,2025-08-19,2025-08-19,2025-08-19,BEMSA
192679316,fincaraiz,https://www.fincaraiz.com.co/apartamento-en-venta-en-el-trapiche-medellin/192679316,Colombia,Antioquia,Medellín,"El trapiche, Belen Las Playas, Belén, ",Carrera 66bb 56b 26,,6.2218674,-75.5934383,Apartamento,54.0,3,2,1,3,Nuevo,0.0,255000000,176000,2025-07-24,2025-08-13,2025-07-24,NEX CAPITAL
192699515,fincaraiz,https://www.fincaraiz.com.co/apartamento-en-venta-en-la-gloria-medellin/192699515,Colombia,Antioquia,Medellín,"Belén Aliadas, Belén, La gloria, Belén San Bernardo, ",CALLE 20A 78- 30,,6.225402,-75.599043,Apartamento,110.0,3,2,0,3,Usado,2.0,430000000,0,2025-07-30,2025-07-30,2025-07-30,PANORAMA SAN JUAN
192228061,fincaraiz,https://www.fincaraiz.com.co/casa-en-venta-en-suramerica-medellin/192228061,Colombia,Antioquia,Medellín,"Suramérica, Urbanizacion rafael uribe uribe, Belén, Belen Las Playas, ",carrera 52 D # 79 aA SUR 188,,6.2207177,-75.5938248,Casa,330.0,5,4,6,4,Nuevo,0.0,900000000,441000,2025-04-03,2025-07-11,2025-04-03,CASAS Y ESPACIOS
192326558,fincaraiz,https://www.fincaraiz.com.co/casa-en-venta-en-belen-san-bernardo-medellin/192326558,Colombia,Antioquia,Medellín,"Belén, Belén San Bernardo, ",san bernardo,,6.2272696,-75.5960745,Casa,144.0,4,2,0,3,Nuevo,0.0,380000000,0,2025-04-29,2025-08-01,2025-04-29,Proser Inmobiliaria
192545840,fincaraiz,https://www.fincaraiz.com.co/apartamento-en-venta-en-loma-de-los-bernal-medellin/192545840,Colombia,Antioquia,Medellín,"Loma de los bernal, Belen Las Playas, Belén, Aeroparque juan pablo ii, ",CALLE 8 74F- 220,,6.2216707,-75.5929187,Apartamento,51.0,3,2,0,3,Usado,3.0,370000000,134000,2025-06-18,2025-06-18,2025-06-18,ARRENDAMIENTOS UMBRAL
192229364,fincaraiz,https://www.fincaraiz.com.co/casa-en-venta-en-belen-las-playas-medellin/192229364,Colombia,Antioquia,Medellín,"Belen Las Playas, Belén, Belén San Bernardo, Aeroparque juan pablo ii, ",Calle 12 con carrera 71,,6.2245574,-75.5923941,Casa,97.0,3,2,0,4,Usado,4.0,580000000,0,2025-04-03,2025-07-11,2025-04-03,CASAS Y ESPACIOS
192549054,fincaraiz,https://www.fincaraiz.com.co/apartamento-en-venta-en-belen-san-bernardo-medellin/192549054,Colombia,Antioquia,Medellín,"Urbanizacion san bernardo, Urbanizacion rosales del parque, Belén, Granada, Belén San Bernardo, Aeroparque juan pablo ii, ",CL 26A  70A 7 AP 301,,6.228393,-75.591908,Apartamento,72.0,3,1,0,3,Usado,5.0,300000000,0,2025-06-19,2025-08-16,2025-06-19,Maxibienes S.A.S
192723217,fincaraiz,https://www.fincaraiz.com.co/apartamento-en-venta-en-belen-rosales-medellin/192723217,Colombia,Antioquia,Medellín,"Belén Rosales, Urbanizacion san bernardo, Belén, Granada, Belén San Bernardo, ",CL 26 B 69 B 25 INT 309,,6.2281836,-75.59334,Apartamento,62.0,2,2,0,4,Nuevo,0.0,380000000,373000,2025-08-06,2025-08-06,2025-08-06,INMOBILIARIA CONSTRUCASAS SAS
192488915,fincaraiz,https://www.fincaraiz.com.co/casa-en-venta-en-belen-medellin/192488915,Colombia,Antioquia,Medellín,"Urbanizacion rafael uribe uribe, Belen Las Playas, Belén, Belén San Bernardo, ",CR 73 19 22,,6.2217962,-75.5955638,Casa,216.0,4,1,0,4,Nuevo,0.0,990000000,0,2025-06-04,2025-07-11,2025-06-04,A&N Activos y Negocios
192704461,fincaraiz,https://www.fincaraiz.com.co/apartamento-en-venta-en-belen-medellin/192704461,Colombia,Antioquia,Medellín,"Belén, Belén San Bernardo, ",carrera 74 # 22 47,,6.22587668068,-75.595207333376,Apartamento,120.0,3,2,1,4,Usado,3.0,550000000,0,2025-07-31,2025-07-31,2025-07-31,Mattis Inmobiliaria
192546082,fincaraiz,https://www.fincaraiz.com.co/apartamento-en-venta-en-belen-las-playas-medellin/192546082,Colombia,Antioquia,Medellín,"Belén, Belen Las Playas, Aeroparque juan pablo ii, ",calle 16 # 70-48,,6.221567761561,-75.592826843164,Apartamento,105.0,5,1,0,3,Usado,4.0,400000000,0,2025-06-18,2025-06-18,2025-06-18,Mattis Inmobiliaria
192423143,fincaraiz,https://www.fincaraiz.com.co/casa-en-venta-en-belen-medellin/192423143,Colombia,Antioquia,Medellín,"Belén Aliadas, Belén, Belén San Bernardo, La gloria, ",Cra 81 # 6a 01 Medellín Belen agua fresca,,6.2261158238865,-75.600032684413,Casa,206.0,3,4,3,4,Usado,4.0,1080000000,670000,2025-05-21,2025-07-31,2025-05-21,HOMES PROVENTO
192539209,fincaraiz,https://www.fincaraiz.com.co/apartamento-en-venta-en-belen-medellin/192539209,Colombia,Antioquia,Medellín,"Rodeo Alto, Diego echavarria, La mota, Belen Las Playas, Belén, Urbanizacion cazadiana, ",CARRERA 75 # 8-31,,6.2182577,-75.5979502,Apartamento,75.0,2,2,1,4,Usado,3.0,420000000,474200,2025-06-17,2025-06-17,2025-06-17,VIVIENDO GRUPO INMOBILIARIO
192760850,fincaraiz,https://www.fincaraiz.com.co/apartamento-en-venta-en-belen-medellin/192760850,Colombia,Antioquia,Medellín,"Belén, Belén San Bernardo, ",CR 88 118 544 PISO 1,,6.2266158,-75.5940249,Apartamento,60.0,2,2,0,4,Nuevo,0.0,10000000000000,0,2025-08-16,2025-08-16,2025-08-16,Arrendamientos El Castillo S.A.S
