#,id_inmueble,Plataforma,Link,Duplicado,Ciudad,Barrio,Está en el barrio?,Dónde está?,Direccion,Tipo propiedad,Precio venta,área m2,Valor m2,Valor m2 actualizado,Remodelado,Desv reformados,Resultado,Propiedad horizontal,Piso,Ascensor,# Habitaciones,# baños,Red gas,Zona ropas,# Parquead,Fecha actual,Fecha publicación,Agencia,Contacto,COMENTARIOS
1,3215344,ciencuadras,https://www.ciencuadras.com/inmueble/apartamento-en-venta-en-las-playas-medellin-3215344,,Medellín,LAS PLAYAS,,,CR 75 DA 02 B SUR 320 AP 328 TORRE 7,Apartamento,485000000.0,66.0,7348484.848484849,,False,,,,,,3,2.0,,,0,,2025-01-15T10:29:52.000Z,,TU ESPACIO INMOBILIARIO  S A S,
2,3352027,ciencuadras,https://www.ciencuadras.com/inmueble/apartamento-en-venta-en-san-bernardo-medellin-3352027,,Medellín,SAN BERNARDO,,,CR 75 26 AP 201,Apartamento,350000000.0,87.0,4022988.5057471264,,False,,,,,,3,2.0,,,0,,2025-05-21T15:55:58.000Z,,ARRENDAMIENTOS EL CASTILLO S.A.S.,
3,3435395,ciencuadras,https://www.ciencuadras.com/inmueble/apartamento-en-venta-en-san-bernardo-medellin-3435395,,Medellín,SAN BERNARDO,,,CL 26 B 69 B 25 INT 309,Apartamento,380000000.0,62.0,6129032.258064516,,False,,,,,,2,2.0,,,0,,2025-08-06T08:24:39.000Z,,INMOBILIARIA CONSTRUCASAS S.AS,
4,2860023,ciencuadras,https://www.ciencuadras.com/inmueble/apartamento-en-venta-en-san-bernardo-medellin-2860023,,Medellín,SAN BERNARDO,,,CL 24 70 A 22 PISO 1,Apartamento,450000000.0,70.0,6428571.428571428,,False,,,,,,3,2.0,,,0,,2023-11-25T13:36:33.000Z,,ARRENDAMIENTOS INTEGRIDAD,
5,3224725,ciencuadras,https://www.ciencuadras.com/inmueble/apartamento-en-venta-en-san-bernardo-medellin-3224725,,Medellín,SAN BERNARDO,,,CR 75 29 51 INT 302,Apartamento,220000000.0,50.0,4400000.0,,False,,,,,,2,1.0,,,0,,2025-01-25T10:35:03.000Z,,ARRENDAMIENTOS EL CASTILLO S.A.S.,
6,2453526,ciencuadras,https://www.ciencuadras.com/inmueble/apartamento-en-venta-en-san-bernardo-medellin-2453526,,Medellín,SAN BERNARDO,,,CARRERA 74   22- 55,Apartamento,250000000.0,50.0,5000000.0,,False,,,,,,2,2.0,,,1,,2022-08-17T10:50:05.000Z,,Arrendamientos Panorama Belen,
7,2341804,ciencuadras,https://www.ciencuadras.com/inmueble/apartamento-en-venta-en-san-bernardo-medellin-2341804,,Medellín,SAN BERNARDO,,,CR 74 A 26 78 AP 501,Apartamento,235000000.0,53.0,4433962.264150944,,False,,,,,,3,1.0,,,0,,2022-04-25T09:24:14.000Z,,ARRENDAMIENTOS INTEGRIDAD,
8,3408275,ciencuadras,https://www.ciencuadras.com/inmueble/casa-en-arriendo-o-venta-en-san-bernardo-medellin-3408275,,Medellín,SAN BERNARDO,,,CL 25 79 A 25 INT 201,Casa,420000000.0,96.0,4375000.0,,False,,,,,,3,2.0,,,0,,2025-07-12T10:40:03.000Z,,INMOBILIARIA PROTEBIENES,
9,3382224,ciencuadras,https://www.ciencuadras.com/inmueble/apartaestudio-en-arriendo-o-venta-en-san-bernardo-medellin-3382224,,Medellín,SAN BERNARDO,,,calle 19 75 29,Apartaestudio,580000000.0,118.0,4915254.237288136,,False,,,,,,3,2.0,,,0,,2025-06-18T11:43:27.000Z,,Arrendamientos Panorama Belen,
10,3384135,ciencuadras,https://www.ciencuadras.com/inmueble/casa-en-venta-en-san-bernardo-medellin-3384135,,Medellín,SAN BERNARDO,,,CR 72 20 A 56 2 PISO,Casa,480000000.0,95.0,5052631.578947368,,False,,,,,,3,2.0,,,0,,2025-06-19T14:32:13.000Z,,ARRENDAMIENTOS EL CASTILLO S.A.S.,
11,3281895,ciencuadras,https://www.ciencuadras.com/inmueble/apartamento-en-venta-en-san-bernardo-medellin-3281895,,Medellín,SAN BERNARDO,,,CL 24 77 29 AP 401,Apartamento,215000000.0,50.0,4300000.0,,False,,,,,,2,2.0,,,0,,2025-03-19T10:24:07.000Z,,TU ESPACIO INMOBILIARIO  S A S,
12,3415241,ciencuadras,https://www.ciencuadras.com/inmueble/casa-en-venta-en-san-bernardo-medellin-3415241,,Medellín,SAN BERNARDO,,,carrera 76 23 16,Casa,1380000000.0,210.66,6550840.216462546,,False,,,,,,4,2.0,,,1,,2025-07-17T15:02:12.000Z,,Nestor Raul Velásquez Restrepo,
13,3391945,ciencuadras,https://www.ciencuadras.com/inmueble/casa-en-venta-en-san-bernardo-medellin-3391945,,Medellín,SAN BERNARDO,,,CR 80 C 19 39 PISO 1,Casa,540000000.0,105.0,5142857.142857143,,False,,,,,,5,4.0,,,1,,2025-06-26T12:00:56.000Z,,ACTIVOS & BIENES S.A.S,
14,3391914,ciencuadras,https://www.ciencuadras.com/inmueble/apartamento-en-venta-en-san-bernardo-medellin-3391914,,Medellín,SAN BERNARDO,,,CR 74 A 26 78,Apartamento,235000000.0,63.0,3730158.73015873,,False,,,,,,3,1.0,,,0,,2025-06-26T11:59:37.000Z,,ACTIVOS & BIENES S.A.S,
15,3423668,ciencuadras,https://www.ciencuadras.com/inmueble/casa-en-venta-en-san-bernardo-medellin-3423668,,Medellín,SAN BERNARDO,,,CL 25 70 A 38 PISO 3,Casa,420000000.0,85.0,4941176.470588235,,False,,,,,,3,2.0,,,0,,2025-07-25T08:34:41.000Z,,ARRENDAMIENTOS INTEGRIDAD,
16,3070274,ciencuadras,https://www.ciencuadras.com/inmueble/casa-en-venta-en-san-bernardo-medellin-3070274,,Medellín,SAN BERNARDO,,,Calle 25 #79a-109,Casa,420000000.0,175.0,2400000.0,,False,,,,,,7,4.0,,,1,,2024-08-20T11:22:01.000Z,,ARQUILER S.A.S,
17,2796777,ciencuadras,https://www.ciencuadras.com/inmueble/casa-en-venta-en-san-bernardo-medellin-2796777,,Medellín,SAN BERNARDO,,,CR 74 24 42 INT 302,Casa,350000000.0,74.0,4729729.72972973,,False,,,,,,4,2.0,,,0,,2023-09-08T15:33:00.000Z,,INMOBILIARIA TRIANON S.A.S,
18,3435165,ciencuadras,https://www.ciencuadras.com/inmueble/casa-en-venta-en-san-bernardo-medellin-3435165,,Medellín,SAN BERNARDO,,,Calle 24 No. 71a - 21,Casa,560000000.0,130.0,4307692.307692308,,False,,,,,,4,2.0,,,2,,2025-08-05T16:46:16.000Z,,VIVIENDO GRUPO INMOBILIARIO,
19,3357238,ciencuadras,https://www.ciencuadras.com/inmueble/casa-en-venta-en-san-bernardo-medellin-3357238,,Medellín,SAN BERNARDO,,,Cll23 #71A-80 ,Casa,500000000.0,115.0,4347826.0869565215,,False,,,,,,4,2.0,,,0,,2025-05-26T16:19:28.000Z,,DEHER HOME INMOBILIARIA,
20,3202850,ciencuadras,https://www.ciencuadras.com/inmueble/casa-en-venta-en-san-bernardo-medellin-3202850,,Medellín,SAN BERNARDO,,,Calle  24 # 71 A 21,Casa,535000000.0,90.0,5944444.444444444,,False,,,,,,3,2.0,,,1,,2024-12-19T12:39:36.000Z,,CITY RAIZ S.A.S,
21,3342736,ciencuadras,https://www.ciencuadras.com/inmueble/casa-en-venta-en-san-bernardo-medellin-3342736,,Medellín,SAN BERNARDO,,,CR 79 A 23 20 INT 201,Casa,365000000.0,142.0,2570422.5352112674,,False,,,,,,4,1.0,,,0,,2025-05-14T09:20:00.000Z,,ARRENDAMIENTOS EL CASTILLO S.A.S.,
22,2528349,ciencuadras,https://www.ciencuadras.com/inmueble/apartamento-en-venta-en-las-playas-medellin-2528349,,Medellín,LAS PLAYAS,,,CARRERA 72   13A- 06,Apartamento,250000000.0,45.0,5555555.555555556,,False,,,,,,3,0.0,,,1,,2022-11-11T10:44:33.000Z,,Arrendamientos Panorama Belen,
23,3345884,ciencuadras,https://www.ciencuadras.com/inmueble/local-en-venta-en-diego-echavarria-medellin-3345884,,Medellín,DIEGO ECHAVARRIA,,,DIAGONAL 75B 2A- 10,Local,1850000000.0,259.0,7142857.142857143,,False,,,,,,0,2.0,,,1,,2025-05-16T10:10:36.000Z,,JCO INVERSIONES SAS,
24,3444478,ciencuadras,https://www.ciencuadras.com/inmueble/apartamento-en-arriendo-o-venta-en-las-playas-medellin-3444478,,Medellín,LAS PLAYAS,,,CR 60 50 25 PISO 1,Apartamento,4000000000.0,60.0,66666666.666666664,,False,,,,,,2,2.0,,,0,,2025-08-16T11:17:20.000Z,,ARRENDAMIENTOS EL CASTILLO S.A.S.,
25,3215344,ciencuadras,https://www.ciencuadras.com/inmueble/apartamento-en-venta-en-las-playas-medellin-3215344,,Medellín,LAS PLAYAS,,,CR 75 DA 02 B SUR 320 AP 328 TORRE 7,Apartamento,485000000.0,66.0,7348484.848484849,,False,,,,,,3,2.0,,,0,,2025-01-15T10:29:52.000Z,,TU ESPACIO INMOBILIARIO  S A S,
26,3296856,ciencuadras,https://www.ciencuadras.com/inmueble/casa-en-venta-en-las-playas-medellin-3296856,,Medellín,LAS PLAYAS,,,CL 13 A 71 A 40,Casa,430000000.0,125.0,3440000.0,,False,,,,,,4,1.0,,,0,,2025-04-03T08:19:11.000Z,,ARRENDAMIENTOS INTEGRIDAD,
27,3391915,ciencuadras,https://www.ciencuadras.com/inmueble/casa-en-venta-en-las-playas-medellin-3391915,,Medellín,LAS PLAYAS,,,CR 75 28 27 AP 201,Casa,460000000.0,161.0,2857142.8571428573,,False,,,,,,4,5.0,,,0,,2025-06-26T11:59:40.000Z,,ACTIVOS & BIENES S.A.S,
28,3344455,ciencuadras,https://www.ciencuadras.com/inmueble/casa-en-venta-en-las-playas-medellin-3344455,,Medellín,LAS PLAYAS,,,CR 70 14 35 CS 3,Casa,520000000.0,160.0,3250000.0,,False,,,,,,5,2.0,,,0,,2025-05-15T10:45:12.000Z,,Inmobiliaria y Valores La Villa,
29,3058314,ciencuadras,https://www.ciencuadras.com/inmueble/casa-en-venta-en-las-playas-medellin-3058314,,Medellín,LAS PLAYAS,,,CL 12 73 38 BL 41 CS 202,Casa,390000000.0,80.0,4875000.0,,False,,,,,,3,2.0,,,0,,2024-08-02T15:28:30.000Z,,INMOBILIARIA TRIANON S.A.S,
30,3338747,ciencuadras,https://www.ciencuadras.com/inmueble/apartamento-en-venta-en-las-playas-medellin-3338747,,Medellín,LAS PLAYAS,,,"Las Playas, Medellín, Belén, Medellín, Antioquia, Colombia",Apartamento,430000000.0,96.0,4479166.666666667,,False,,,,,,4,2.0,,,0,,2025-05-09T17:34:56.000Z,,RED DE INVERSIONES INMOBILIARIAS,
31,3382916,ciencuadras,https://www.ciencuadras.com/inmueble/apartamento-en-venta-en-las-playas-medellin-3382916,,Medellín,LAS PLAYAS,,,calle 16 # 70-48,Apartamento,400000000.0,105.0,3809523.8095238097,,False,,,,,,5,1.0,,,0,,2025-06-18T15:38:45.000Z,,MATTIS INMOBILIARIA,
32,3361817,ciencuadras,https://www.ciencuadras.com/inmueble/casa-en-venta-en-las-playas-medellin-3361817,,Medellín,LAS PLAYAS,,,Carrera 40# 47-30 apt 1003 edificio Orión 1,Casa,240000000.0,48.0,5000000.0,,False,,,,,,2,2.0,,,0,,2025-08-01T11:24:39.000Z,,DREAM HOUSE PROPIEDAD RAIZ SAS,
33,3444474,ciencuadras,https://www.ciencuadras.com/inmueble/apartamento-en-venta-en-las-playas-medellin-3444474,,Medellín,LAS PLAYAS,,,CR 70 40 50 PISO 1,Apartamento,4000000000.0,60.0,66666666.666666664,,False,,,,,,2,2.0,,,0,,2025-08-16T11:16:00.000Z,,ARRENDAMIENTOS EL CASTILLO S.A.S.,
34,3360887,ciencuadras,https://www.ciencuadras.com/inmueble/apartamento-en-venta-en-las-playas-medellin-3360887,,Medellín,LAS PLAYAS,,,CR 72 #10A 26,Apartamento,320000000.0,89.0,3595505.617977528,,False,,,,,,3,2.0,,,0,,2025-05-29T12:19:27.000Z,,Arrendamientos Panorama Belen,
35,3307078,ciencuadras,https://www.ciencuadras.com/inmueble/apartamento-en-venta-en-las-playas-medellin-3307078,,Medellín,LAS PLAYAS,,,LA AMERICA,Apartamento,450000000.0,84.0,5357142.857142857,,False,,,,,,3,2.0,,,1,,2025-04-10T14:18:16.000Z,,Mas Activo propiedad raiz,
36,3306001,ciencuadras,https://www.ciencuadras.com/inmueble/apartamento-en-venta-en-las-playas-medellin-3306001,,Medellín,LAS PLAYAS,,,Calle 17 # 27 - 0,Apartamento,1210000000.0,122.0,9918032.786885247,,False,,,,,,2,3.0,,,2,,2025-04-09T16:19:30.000Z,,Prointegral S.A,
37,3383122,ciencuadras,https://www.ciencuadras.com/inmueble/apartamento-en-venta-en-las-playas-medellin-3383122,,Medellín,LAS PLAYAS,,,CR 73 26 B 27 AP 702,Apartamento,580000000.0,123.0,4715447.154471545,,False,,,,,,3,3.0,,,0,,2025-06-18T16:40:15.000Z,,ARRENDAMIENTOS INTEGRIDAD,
38,3399198,ciencuadras,https://www.ciencuadras.com/inmueble/apartamento-en-venta-en-las-playas-medellin-3399198,,Medellín,LAS PLAYAS,,,Calle 17 # 71 - 65,Apartamento,420000000.0,120.0,3500000.0,,False,,,,,,4,2.0,,,0,,2025-07-04T09:38:40.000Z,,Petra Group Sas,
39,3292428,ciencuadras,https://www.ciencuadras.com/inmueble/local-en-venta-en-las-playas-medellin-3292428,,Medellín,LAS PLAYAS,,,DG 79 15 193,Local,270000000.0,20.0,13500000.0,,False,,,,,,0,1.0,,,0,,2025-03-29T08:30:45.000Z,,ARRENDAMIENTOS INTEGRIDAD,
40,3068176,ciencuadras,https://www.ciencuadras.com/inmueble/apartamento-en-venta-en-las-playas-medellin-3068176,,Medellín,LAS PLAYAS,,,Cl. 12 #73-58,Apartamento,445000000.0,110.0,4045454.5454545454,,False,,,,,,3,2.0,,,2,,2024-08-15T14:43:25.000Z,,Grupo Inmobiliario Cabal S.A.S,
41,2809368,ciencuadras,https://www.ciencuadras.com/inmueble/apartamento-en-venta-en-las-playas-medellin-2809368,,Medellín,LAS PLAYAS,,,CL 12 73 38 BL 41 AP 202,Apartamento,410000000.0,80.0,5125000.0,,False,,,,,,3,2.0,,,0,,2023-09-22T10:35:47.000Z,,ARRENDAMIENTOS INTEGRIDAD,
42,192428996,fincaraiz,https://www.fincaraiz.com.co/apartamento-en-venta-en-suroriente-medellin/192428996,,Medellín,belen,,,CL 25 9 A 31 AP 103,Apartamento,948000000.0,152.0,6236842.105263158,,True,,,,,,2,3.0,,,2,,2025-05-21,,Arrendamientos Mabel Ochoa,
43,192624427,fincaraiz,https://www.fincaraiz.com.co/casa-en-venta-en-belen-las-playas-medellin/192624427,,Medellín,urbanizacion rafael uribe uribe,,,"Las Playas, Belén, Medellín, Antioquia, Colombia",Casa,495000000.0,105.0,4714285.714285715,,False,,,,,,3,3.0,,,1,,2025-07-10,,GRUPO INMOBILIARIO VALENCIA Y ASOCIADOS,
44,192645352,fincaraiz,https://www.fincaraiz.com.co/casa-en-venta-en-belen-las-playas-medellin/192645352,,Medellín,urbanizacion rafael uribe uribe,,,"Las Playas, Medellín, Belén, Medellín, Antioquia, Colombia",Casa,399000000.0,88.92,4487179.487179487,,False,,,,,,3,3.0,,,0,,2025-07-16,,Miriam Morales,
45,192685412,fincaraiz,https://www.fincaraiz.com.co/casa-en-venta-en-belen-las-playas-medellin/192685412,,Medellín,urbanizacion rafael uribe uribe,,,"Las Playas, Belén, Medellín, Antioquia, Colombia",Casa,360000000.0,95.0,3789473.6842105263,,False,,,,,,3,2.0,,,0,,2025-07-26,,OPCIONES INMOBILIARIAS,
46,10501994,fincaraiz,https://www.fincaraiz.com.co/casa-en-venta-en-belen-san-bernardo-medellin/10501994,,Medellín,belen,,,CALLE 22 # 71A-21,Casa,415000000.0,133.0,3120300.751879699,,True,,,,,,5,3.0,,,0,,2024-01-26,,Inmobiliaria Tobon,
47,10502038,fincaraiz,https://www.fincaraiz.com.co/casa-en-venta-en-belen-san-bernardo-medellin/10502038,,Medellín,urbanizacion rafael uribe uribe,,,Calle 20A # 72-22,Casa,380000000.0,85.0,4470588.235294118,,False,,,,,,4,2.0,,,0,,2024-01-26,,Inmobiliaria Tobon,
48,192593408,fincaraiz,https://www.fincaraiz.com.co/apartamento-en-venta-en-loma-de-los-bernal-medellin/192593408,,Medellín,loma de los bernal,,,Carrera 84 b numero 7-188 apart 202 estrato4,Apartamento,320000000.0,62.0,5161290.322580645,,False,,,,,,1,2.0,,,0,,2025-07-02,,ALFA FINCA RAIZ INMOBILIARIA SAS,
49,192661142,fincaraiz,https://www.fincaraiz.com.co/casa-en-venta-en-aeroparque-juan-pablo-ii-medellin/192661142,,Medellín,belen,,,"Calle 25 #70a-36, Medellín, Antioquia, Colombia",Casa,420000000.0,85.0,4941176.470588235,,True,,,,,,3,2.0,,,0,,2025-07-20,,johny alexander marulanda florezMarulanda,
50,192609625,fincaraiz,https://www.fincaraiz.com.co/apartamento-en-venta-en-belen-san-bernardo-medellin/192609625,,Medellín,belen,,,CL 24  73 31 APT 402 INTERNO,Apartamento,360000000.0,66.0,5454545.454545454,,False,,,,,,2,1.0,,,0,,2025-07-07,,Maxibienes S.A.S,
51,191940310,fincaraiz,https://www.fincaraiz.com.co/apartamento-en-venta-en-belen-san-bernardo-medellin/191940310,,Medellín,belen,,,calle 20 # 74 - 36,Apartamento,560000000.0,147.0,3809523.8095238097,,False,,,,,,5,2.0,,,0,,2025-01-29,,Casa Vida Asesores Inmobiliarios,
52,191986797,fincaraiz,https://www.fincaraiz.com.co/apartamento-en-venta-en-belen-san-bernardo-medellin/191986797,,Medellín,belen,,,CALLE 16   75- 24,Apartamento,360000000.0,70.0,5142857.142857143,,False,,,,,,3,2.0,,,0,,2025-02-07,,INDIKA INMOBILIARIA SAS,
53,192474566,fincaraiz,https://www.fincaraiz.com.co/casa-en-venta-en-belen-san-bernardo-medellin/192474566,,Medellín,belen,,,"Calle 23 # 71A-80, Medellín, Antioquia, Colombia",Casa,510000000.0,115.0,4434782.608695652,,True,,,,,,4,2.0,,,1,,2025-05-31,,ARRENDAMIENTOS MEDELLIN,
54,192457817,fincaraiz,https://www.fincaraiz.com.co/casa-en-venta-en-la-mota-medellin/192457817,,Medellín,la mota,,,CL 21 # 75 - 58,Casa,620000000.0,119.0,5210084.033613445,,False,,,,,,3,2.0,,,1,,2025-05-27,,La Fuente Inmobiliaria,
55,191507488,fincaraiz,https://www.fincaraiz.com.co/apartaestudio-en-venta-en-belen-medellin/191507488,,Medellín,belen,,,Calle 25 # 71 16,Apartaestudio,322000000.0,120.0,2683333.3333333335,,False,,,,,,3,2.0,,,0,,2024-09-30,,Grupo Empresarial Mi,
56,191986243,fincaraiz,https://www.fincaraiz.com.co/casa-en-venta-en-la-mota-medellin/191986243,,Medellín,la mota,,,"Cra. 70b # 9a 34, Medellín, Antioquia, Colombia",Casa,1050000000.0,225.0,4666666.666666667,,True,,,,,,3,4.0,,,2,,2025-02-07,,Gómez Sierra Propiedades,
57,191943178,fincaraiz,https://www.fincaraiz.com.co/apartamento-en-venta-en-el-salvador-medellin/191943178,,Medellín,el salvador,,,"EL SALVADOR, MEDELLIN.",Apartamento,120000000.0,30.0,4000000.0,,False,,,,,,1,1.0,,,0,,2025-01-30,,Arrendamientos Alnago,
58,191877768,fincaraiz,https://www.fincaraiz.com.co/apartamento-en-venta-en-belen-san-bernardo-medellin/191877768,,Medellín,belen,,,CL 22 74 39 INT 301,Apartamento,320000000.0,98.0,3265306.1224489794,,False,,,,,,3,1.0,,,0,,2025-01-15,,Arrendamientos El Castillo S.A.S,
59,191484182,fincaraiz,https://www.fincaraiz.com.co/apartamento-en-venta-en-belen-san-bernardo-medellin/191484182,,Medellín,belen,,,CARRERA 70   25- 73,Apartamento,420000000.0,93.0,4516129.0322580645,,False,,,,,,2,2.0,,,1,,2024-09-26,,INDIKA INMOBILIARIA SAS,
60,191316104,fincaraiz,https://www.fincaraiz.com.co/bodega-en-venta-en-belen-medellin/191316104,,Medellín,belen,,,CR 73A#26 -15,Bodega,1400000000.0,335.0,4179104.4776119404,,False,,,,,,0,3.0,,,0,,2024-09-04,,Alberto Alvarez Ventas,
61,191228793,fincaraiz,https://www.fincaraiz.com.co/apartamento-en-venta-en-belen-san-bernardo-medellin/191228793,,Medellín,belen,,,Carrera 76 A #26 -13,Apartamento,270000000.0,51.0,5294117.647058823,,False,,,,,,2,1.0,,,0,,2024-08-16,,Arrendamientos las vegas,
62,192643660,fincaraiz,https://www.fincaraiz.com.co/casa-en-venta-en-belen-medellin/192643660,,Medellín,belen,,,Cra. 76 #12-100,Casa,1100000000.0,105.0,10476190.476190476,,False,,,,,,4,4.0,,,3,,2025-07-15,,Tu360Inmobiliario en colaboración con Pulppo,
63,7579739,fincaraiz,https://www.fincaraiz.com.co/local-en-venta-en-belen-medellin/7579739,,Medellín,belen las playas,,,Carrera 76 # 24-05,Local,2500000000.0,520.0,4807692.307692308,,False,,,,,,1,5.0,,,11,,2022-09-07,,Arrendamientos Giraldo Posada,
64,192310248,fincaraiz,https://www.fincaraiz.com.co/apartamento-en-venta-en-la-mota-medellin/192310248,,Medellín,diego echavarria,,,DG 75B # 6 - 60,Apartamento,500000000.0,95.0,5263157.894736842,,False,,,,,,3,3.0,,,1,,2025-04-25,,Payva Asociados SAS,
65,191921481,fincaraiz,https://www.fincaraiz.com.co/apartamento-en-venta-en-granada-medellin/191921481,,Medellín,granada,,,CR 75 29 51 INT 302,Apartamento,220000000.0,50.0,4400000.0,,False,,,,,,2,1.0,,,0,,2025-01-25,,Arrendamientos El Castillo S.A.S,
66,192658815,fincaraiz,https://www.fincaraiz.com.co/casa-en-venta-en-belen-las-playas-medellin/192658815,,Medellín,belen,,,CL 13 70 34 PISO 1 CS,Casa,372000000.0,92.0,4043478.2608695654,,False,,,,,,3,2.0,,,0,,2025-07-19,,Arrendamientos El Castillo S.A.S,
67,192531000,fincaraiz,https://www.fincaraiz.com.co/apartamento-en-venta-en-belen-medellin/192531000,,Medellín,urbanizacion san bernardo,,,CL 26 B 83 B 13 PISO 1,Apartamento,200000000.0,67.0,2985074.6268656715,,False,,,,,,2,2.0,,,0,,2025-06-14,,Arrendamientos El Castillo S.A.S,
68,11016840,fincaraiz,https://www.fincaraiz.com.co/casa-en-venta-en-belen-san-bernardo-medellin/11016840,,Medellín,belen,,,CL 25 75 51 PISO 1,Casa,650000000.0,179.0,3631284.9162011174,,False,,,,,,4,4.0,,,0,,2024-06-27,,Activos Y Bienes SAS,
69,192622395,fincaraiz,https://www.fincaraiz.com.co/casa-en-venta-en-belen-las-playas-medellin/192622395,,Medellín,belen las playas,,,CARRERA 71 # 16-36,Casa,450000000.0,84.0,5357142.857142857,,False,,,,,,2,1.0,,,1,,2025-07-10,,Arrendamientos las vegas,
70,191385559,fincaraiz,https://www.fincaraiz.com.co/casa-en-venta-en-la-gloria-medellin/191385559,,Medellín,belen aliadas,,,CL 18 A 77 28 PISO 2,Casa,415000000.0,133.0,3120300.751879699,,False,,,,,,3,2.0,,,0,,2024-09-13,,Arrendamientos Villacruz,
71,192099190,fincaraiz,https://www.fincaraiz.com.co/apartamento-en-venta-en-medellin/192099190,,Medellín,granada,,,"Belén San Bernardo Carrera 74 A # 26 - 78, 5to piso",Apartamento,235000000.0,53.0,4433962.264150944,,False,,,,,,3,1.0,,,0,,2025-03-04,,SURAMERICANA DE ARRENDAMIENTOS S.A.,
72,192755562,fincaraiz,https://www.fincaraiz.com.co/casa-en-venta-en-belen-las-playas-medellin/192755562,,Medellín,belen,,,Belen Calle 18#71-33,Casa,515000000.0,95.0,5421052.631578947,,False,,,,,,4,2.0,,,0,,2025-08-14,,ALFA FINCA RAIZ INMOBILIARIA SAS,
73,191982488,fincaraiz,https://www.fincaraiz.com.co/bodega-en-venta-en-belen-medellin/191982488,,Medellín,belen,,,Carrera 74 # 24 - 16,Bodega,2100000000.0,550.0,3818181.8181818184,,False,,,,,,0,4.0,,,0,,2025-02-07,,Arrendamientos Giraldo Posada,
74,192657096,fincaraiz,https://www.fincaraiz.com.co/casa-en-venta-en-belen-san-bernardo-medellin/192657096,,Medellín,belen,,,"Calle 25 # 75-51, Medellín, Antioquia, Colombia",Casa,680000000.0,136.0,5000000.0,,True,,,,,,4,4.0,,,0,,2025-07-18,,ARRENDAMIENTOS MEDELLIN,
75,192175406,fincaraiz,https://www.fincaraiz.com.co/casa-en-venta-en-belen-medellin/192175406,,Medellín,belen,,,"Cra. 73 #20A-46, Medellín, Belén, Medellín, Antioquia",Casa,490000000.0,138.0,3550724.637681159,,False,,,,,,3,2.0,,,2,,2025-03-20,,Liliana Amaya Inmobiliaria,
76,192605657,fincaraiz,https://www.fincaraiz.com.co/apartamento-en-venta-en-loma-de-los-bernal-medellin/192605657,,Medellín,loma de los bernal,,,Calle 7# 80-100,Apartamento,700000000.0,105.0,6666666.666666667,,False,,,,,,3,2.0,,,1,,2025-07-05,,Susana Laverde,
77,192456014,fincaraiz,https://www.fincaraiz.com.co/oficina-en-venta-en-belen-medellin/192456014,,Medellín,diego echavarria,,,"Diagonal 75B #8-40, Medellín, Antioquia, Colombia",Oficina,600000000.0,54.0,11111111.111111112,,False,,,,,,0,2.0,,,2,,2025-05-27,,INMOBILIARIA L&S SAS,
78,7602822,fincaraiz,https://www.fincaraiz.com.co/apartamento-en-venta-en-belen-medellin/7602822,,Medellín,belen las playas,,,Calle 10 75a-38,Apartamento,290000000.0,70.0,4142857.1428571427,,False,,,,,,2,1.0,,,0,,2022-09-15,,Total Bienes,
79,192135470,fincaraiz,https://www.fincaraiz.com.co/apartamento-en-venta-en-medellin/192135470,,Medellín,urbanizacion san bernardo,,,"Calle 26 #71-22, Medellín, Antioquia, Colombia",Apartamento,255000000.0,50.0,5100000.0,,False,,,,,,2,1.0,,,0,,2025-03-12,,Inmobiliaria Echeverry,
80,191837464,fincaraiz,https://www.fincaraiz.com.co/apartamento-en-venta-en-belen-san-bernardo-medellin/191837464,,Medellín,belen,,,CR 70 A 26 34 INT 201,Apartamento,390000000.0,105.0,3714285.714285714,,False,,,,,,4,1.0,,,0,,2025-01-02,,Arrendamientos El Castillo S.A.S,
81,192637265,fincaraiz,https://www.fincaraiz.com.co/apartamento-en-venta-en-belen-san-bernardo-medellin/192637265,,Medellín,belen,,,"Calle 22 # 74-8, Medellín, Antioquia, Colombia",Apartamento,385000000.0,72.7,5295735.900962861,,False,,,,,,3,2.0,,,1,,2025-07-14,,ARRENDAMIENTOS MEDELLIN,
82,191141494,fincaraiz,https://www.fincaraiz.com.co/casa-en-venta-en-belen-las-playas-medellin/191141494,,Medellín,belen,,,CL 12 # 11 - 35,Casa,580000000.0,95.0,6105263.157894737,,False,,,,,,4,3.0,,,0,,2024-07-23,,ASESORIA INMOBILIARIA Y PROYECTOS,
83,192632313,fincaraiz,https://www.fincaraiz.com.co/casa-en-venta-en-la-gloria-medellin/192632313,,Medellín,la gloria,,,CL 25 79 A 25 INT 201,Casa,420000000.0,96.0,4375000.0,,False,,,,,,3,2.0,,,0,,2025-07-12,,INMOBILIARIA PROTEBIENES,
84,6834359,fincaraiz,https://www.fincaraiz.com.co/apartamento-en-venta-en-belen-medellin/6834359,,Medellín,belen,,,Calle 10 E   25 - 180,Apartamento,875000000.0,165.0,5303030.303030303,,False,,,,,,3,4.0,,,2,,2021-11-10,,Inmobiliaria la Cumbre,
85,191986617,fincaraiz,https://www.fincaraiz.com.co/apartamento-en-venta-en-belen-san-bernardo-medellin/191986617,,Medellín,belen,,,CALLE 16   75- 24,Apartamento,380000000.0,91.0,4175824.175824176,,False,,,,,,2,2.0,,,0,,2025-02-07,,INDIKA INMOBILIARIA SAS,
86,191628737,fincaraiz,https://www.fincaraiz.com.co/apartamento-en-venta-en-belen-medellin/191628737,,Medellín,belen las playas,,,calle 12 # 73-38  bloque 41 apto 202,Apartamento,410000000.0,80.0,5125000.0,,False,,,,,,3,2.0,,,0,,2024-10-30,,Petra Inmobiliaria,
87,192632720,fincaraiz,https://www.fincaraiz.com.co/apartamento-en-venta-en-belen-san-bernardo-medellin/192632720,,Medellín,granada,,,calle 26 # 74-12,Apartamento,280000000.0,44.0,6363636.363636363,,True,,,,,,2,1.0,,,0,,2025-07-12,,NICOLAS PEREZ PROPIEDAD RAIZ,
88,7434177,fincaraiz,https://www.fincaraiz.com.co/apartamento-en-venta-en-belen-medellin/7434177,,Medellín,belen,,,carrera 71 20-10,Apartamento,550000000.0,116.22,4732404.061263122,,False,,,,,,4,2.0,,,0,,2022-07-14,,La Fuente Inmobiliaria,
89,192609624,fincaraiz,https://www.fincaraiz.com.co/apartamento-en-venta-en-la-mota-medellin/192609624,,Medellín,la mota,,,CR 76A  01 91 APT 215 URB PORTO ALEGRE,Apartamento,410000000.0,80.0,5125000.0,,False,,,,,,3,3.0,,,1,,2025-07-07,,Maxibienes S.A.S,
90,10577771,fincaraiz,https://www.fincaraiz.com.co/apartamento-en-venta-en-medellin/10577771,,Medellín,diego echavarria,,,Carrera 75 # 9 A 02 Apto 402 bloque 11,Apartamento,400000000.0,77.0,5194805.194805195,,False,,,,,,3,2.0,,,1,,2024-02-12,,Viva Inmobiliaria Asociados,
91,192669340,fincaraiz,https://www.fincaraiz.com.co/apartamento-en-venta-en-belen-san-bernardo-medellin/192669340,,Medellín,belen,,,"Carrera 76 & Calle 25, Medellín, Antioquia, Colombia",Apartamento,290000000.0,50.0,5800000.0,,False,,,,,,2,1.0,,,0,,2025-07-22,,OPCIONES INMOBILIARIAS,
92,11058004,fincaraiz,https://www.fincaraiz.com.co/apartamento-en-venta-en-belen-medellin/11058004,,Medellín,belen las playas,,,Diagonal 79 #9 -133,Apartamento,450000000.0,89.0,5056179.775280898,,False,,,,,,3,2.0,,,1,,2024-07-18,,CITY RAIZ,
93,192081057,fincaraiz,https://www.fincaraiz.com.co/casa-en-venta-en-belen-san-bernardo-medellin/192081057,,Medellín,belen,,,Calle 24 #71 A -21,Casa,550000000.0,110.0,5000000.0,,False,,,,,,3,2.0,,,1,,2025-02-27,,Arrendamientos las vegas,
94,192661310,fincaraiz,https://www.fincaraiz.com.co/apartamento-en-venta-en-belen-san-bernardo-medellin/192661310,,Medellín,belen,,,Calle 25 #75 -29,Apartamento,450000000.0,90.0,5000000.0,,False,,,,,,4,2.0,,,1,,2025-07-20,,CITY RAIZ,
95,191508420,fincaraiz,https://www.fincaraiz.com.co/apartamento-en-venta-en-belen-medellin/191508420,,Medellín,belen aliadas,,,Diagonal 79 # 9 133,Apartamento,500000000.0,89.0,5617977.528089887,,False,,,,,,3,2.0,,,0,,2024-09-30,,Grupo Empresarial Mi,
96,192481563,fincaraiz,https://www.fincaraiz.com.co/casa-en-venta-en-la-gloria-medellin/192481563,,Medellín,la gloria,,,CR 79 A 23 20 INT 201,Casa,365000000.0,142.0,2570422.5352112674,,False,,,,,,4,1.0,,,0,,2025-06-03,,Arrendamientos El Castillo S.A.S,
97,192550447,fincaraiz,https://www.fincaraiz.com.co/casa-en-venta-en-belen-san-bernardo-medellin/192550447,,Medellín,belen,,,CR 72 20 A 56 2 PISO,Casa,480000000.0,9596.0,50020.8420175073,,False,,,,,,3,2.0,,,0,,2025-06-19,,Arrendamientos El Castillo S.A.S,
98,192610844,fincaraiz,https://www.fincaraiz.com.co/casa-en-venta-en-cabañas-medellin/192610844,,Medellín,cabañas,,,CLL 24A # 50-17,Casa,460000000.0,84.0,5476190.476190476,,False,,,,,,3,2.0,,,0,,2025-07-07,,Arrendamientos e Inmobiliaria Alameda,
99,192708359,fincaraiz,https://www.fincaraiz.com.co/casa-en-venta-en-belen-san-bernardo-medellin/192708359,,Medellín,belen,,,"Calle 25 # 70A-38, Medellín, Antioquia, Colombia",Casa,430000000.0,120.0,3583333.3333333335,,False,,,,,,3,2.0,,,0,,2025-08-01,,PROVENZA INMOBILIARIA MEDELLIN S.A.S,
100,191874551,fincaraiz,https://www.fincaraiz.com.co/casa-en-venta-en-belen-san-bernardo-medellin/191874551,,Medellín,belen,,,Calle 22 #74 -39,Casa,320000000.0,98.0,3265306.1224489794,,False,,,,,,3,1.0,,,0,,2025-01-14,,Arrendamientos las vegas,
101,10505689,fincaraiz,https://www.fincaraiz.com.co/apartamento-en-venta-en-belen-san-bernardo-medellin/10505689,,Medellín,belen,,,SAN BERNARDO,Apartamento,530000000.0,80.0,6625000.0,,False,,,,,,3,2.0,,,0,,2024-01-26,,VIVÁREA SAS,
102,7374788,fincaraiz,https://www.fincaraiz.com.co/local-en-venta-en-belen-san-bernardo-medellin/7374788,,Medellín,belen aliadas,,,CR 76 19 30 PISO 1,Local,850000000.0,138.0,6159420.289855072,,False,,,,,,0,2.0,,,0,,2022-06-24,,Arrendamientos El Castillo S.A.S,
103,192014542,fincaraiz,https://www.fincaraiz.com.co/apartamento-en-venta-en-belen-san-bernardo-medellin/192014542,,Medellín,belen,,,Cra 74a # 26-78,Apartamento,235000000.0,53.0,4433962.264150944,,False,,,,,,3,1.0,,,0,,2025-02-13,,Viva Inmobiliaria Asociados,
104,191986671,fincaraiz,https://www.fincaraiz.com.co/apartamento-en-venta-en-belen-san-bernardo-medellin/191986671,,Medellín,belen,,,CALLE 16   75- 24,Apartamento,365000000.0,70.0,5214285.714285715,,False,,,,,,3,2.0,,,0,,2025-02-07,,INDIKA INMOBILIARIA SAS,
105,192227909,fincaraiz,https://www.fincaraiz.com.co/apartaestudio-en-venta-en-belen-san-bernardo-medellin/192227909,,Medellín,granada,,,"Cra 73A # 26-15, Medellín, Antioquia, Colombia",Apartaestudio,280000000.0,44.0,6363636.363636363,,True,,,,,,2,1.0,,,0,,2025-04-03,,INVERSIONES INMOBIENES,
106,192627771,fincaraiz,https://www.fincaraiz.com.co/casa-en-venta-en-belen-san-bernardo-medellin/192627771,,Medellín,belen aliadas,,,CR 78  20A 09,Casa,730000000.0,200.0,3650000.0,,False,,,,,,5,2.0,,,0,,2025-07-11,,Maxibienes S.A.S,
107,10866802,fincaraiz,https://www.fincaraiz.com.co/apartamento-en-venta-en-medellin/10866802,,Medellín,belen,,,Torre de la Villa,Apartamento,550000000.0,127.0,4330708.661417323,,False,,,,,,3,2.0,,,1,,2024-05-09,,Compro Casa,
108,8269471,fincaraiz,https://www.fincaraiz.com.co/apartamento-en-venta-en-belen-las-playas-medellin/8269471,,Medellín,belen las playas,,,CALLE 14   70- 43,Apartamento,420000000.0,105.0,4000000.0,,False,,,,,,4,2.0,,,1,,2023-10-06,,Cuadra por Cuadra Inmobiliaria,
109,192290927,fincaraiz,https://www.fincaraiz.com.co/apartamento-en-venta-en-belen-las-playas-medellin/192290927,,Medellín,urbanizacion rafael uribe uribe,,,CL 11 71 37 PISO 2,Apartamento,430000000.0,96.0,4479166.666666667,,False,,,,,,4,2.0,,,0,,2025-04-21,,Arrendamientos El Castillo S.A.S,
110,10240621,fincaraiz,https://www.fincaraiz.com.co/apartamento-en-venta-en-belen-medellin/10240621,,Medellín,belen,,,"Calle 26A #70a-7, Medellín, Antioquia, Colombia",Apartamento,360000000.0,76.0,4736842.105263158,,False,,,,,,4,1.0,,,0,,2023-10-02,,Arrendamientos Santa Fe - Ventas,
111,191766218,fincaraiz,https://www.fincaraiz.com.co/bodega-en-venta-en-belen-san-bernardo-medellin/191766218,,Medellín,belen san bernardo,,,CR 74 24 16,Bodega,2100000000.0,650.0,3230769.230769231,,False,,,,,,0,4.0,,,0,,2024-12-06,,Orientamos S.A.S.,
112,192619891,fincaraiz,https://www.fincaraiz.com.co/casa-en-venta-en-belen-medellin/192619891,,Medellín,belen,,,Cra. 73 # 21-0,Casa,330000000.0,75.0,4400000.0,,False,,,,,,2,2.0,,,0,,2025-07-09,,Tu360Inmobiliario en colaboración con Pulppo,
113,192214590,fincaraiz,https://www.fincaraiz.com.co/apartamento-en-venta-en-belen-san-bernardo-medellin/192214590,,Medellín,belen,,,CR 70 25 11 401 AP,Apartamento,450000000.0,80.0,5625000.0,,False,,,,,,3,2.0,,,1,,2025-03-31,,Arrendamientos El Castillo S.A.S,
114,192452875,fincaraiz,https://www.fincaraiz.com.co/casa-en-venta-en-diego-echavarria-medellin/192452875,,Medellín,diego echavarria,,,cra 72 # 9-65,Casa,620000000.0,119.0,5210084.033613445,,False,,,,,,3,2.0,,,1,,2025-05-26,,MUNDIVERSO INMOBILIARIA,
115,192605195,fincaraiz,https://www.fincaraiz.com.co/casa-en-venta-en-belen-medellin/192605195,,Medellín,belen aliadas,,,CR 80 C 19 39 PISO 1,Casa,540000000.0,105.0,5142857.142857143,,False,,,,,,5,4.0,,,1,,2025-07-05,,Activos Y Bienes SAS,
116,191961428,fincaraiz,https://www.fincaraiz.com.co/casa-en-venta-en-belen-las-playas-medellin/191961428,,Medellín,belen las playas,,,Carrera 71 #16 -26,Casa,250000000.0,51.0,4901960.784313725,,False,,,,,,2,1.0,,,0,,2025-02-03,,Arrendamientos las vegas,
117,192169192,fincaraiz,https://www.fincaraiz.com.co/apartamento-en-venta-en-belen-medellin/192169192,,Medellín,belen,,,CL 24 77 29 AP 401,Apartamento,215000000.0,50.0,4300000.0,,False,,,,,,2,2.0,,,0,,2025-03-19,,Tu Espacio Inmobiliario,
118,192708546,fincaraiz,https://www.fincaraiz.com.co/casa-en-venta-en-belen-san-bernardo-medellin/192708546,,Medellín,belen,,,"Calle 25 # 70A-38, Medellín, Antioquia, Colombia",Casa,425000000.0,85.0,5000000.0,,False,,,,,,3,2.0,,,0,,2025-08-01,,PROVENZA INMOBILIARIA MEDELLIN S.A.S,
119,191385639,fincaraiz,https://www.fincaraiz.com.co/apartamento-en-venta-en-belen-las-playas-medellin/191385639,,Medellín,belen las playas,,,Carrera 70 #26 A -33,Apartamento,490000000.0,90.0,5444444.444444444,,False,,,,,,3,2.0,,,1,,2024-09-13,,Arrendamientos las vegas,
120,11034248,fincaraiz,https://www.fincaraiz.com.co/apartamento-en-venta-en-belen-medellin/11034248,,Medellín,diego echavarria,,,"Cra. 75 #2B sur -35, Medellín, Belén, Medellín, Antioquia, Colombia",Apartamento,420000000.0,64.0,6562500.0,,False,,,,,,3,2.0,,,1,,2024-07-07,,Houm,
121,11070091,fincaraiz,https://www.fincaraiz.com.co/apartamento-en-venta-en-medellin/11070091,,Medellín,urbanizacion rafael uribe uribe,,,Calle 13 # 75-83 apto 402 bloque 53,Apartamento,320000000.0,70.0,4571428.571428572,,False,,,,,,3,1.0,,,0,,2024-07-25,,Viva Inmobiliaria Asociados,
122,191491135,fincaraiz,https://www.fincaraiz.com.co/apartamento-en-venta-en-belen-medellin/191491135,,Medellín,diego echavarria,,,CARRERA 76   9AA- 48,Apartamento,350000000.0,96.0,3645833.3333333335,,False,,,,,,3,3.0,,,0,,2024-09-26,,Arrendamientos Envigado,
123,192055536,fincaraiz,https://www.fincaraiz.com.co/bodega-en-venta-en-belen-medellin/192055536,,Medellín,belen,,,"Cra. 74 #24-16, Medellín, Belén",Bodega,2400000000.0,550.0,4363636.363636363,,False,,,,,,0,2.0,,,2,,2025-02-21,,RHBRAIZ,
124,191837483,fincaraiz,https://www.fincaraiz.com.co/apartamento-en-venta-en-belen-san-bernardo-medellin/191837483,,Medellín,belen,,,CR 70 A 26 34 INT 301,Apartamento,365000000.0,98.0,3724489.7959183673,,False,,,,,,3,1.0,,,0,,2025-01-02,,Arrendamientos El Castillo S.A.S,
125,191997871,fincaraiz,https://www.fincaraiz.com.co/apartamento-en-venta-en-el-poblado-medellin/191997871,,Medellín,el poblado,,,Calle 16 # 40-140,Apartamento,970000000.0,165.0,5878787.878787879,,False,,,,,,3,3.0,,,2,,2025-02-10,,NICOLAS PEREZ PROPIEDAD RAIZ,
126,191691822,fincaraiz,https://www.fincaraiz.com.co/apartamento-en-venta-en-belen-medellin/191691822,,Medellín,belen,,,CR 74 A 26 78,Apartamento,235000000.0,63.0,3730158.73015873,,False,,,,,,3,1.0,,,0,,2024-11-16,,Activos Y Bienes SAS,
127,192731968,fincaraiz,https://www.fincaraiz.com.co/apartamento-en-venta-en-belen-medellin/192731968,,Medellín,belen,,,CR 74 A 26 78 PISO 5,Apartamento,238000000.0,53.0,4490566.037735849,,False,,,,,,3,1.0,,,0,,2025-08-08,,Merino Hermanos y Cía Ltda.,
128,191507562,fincaraiz,https://www.fincaraiz.com.co/apartamento-en-venta-en-belen-medellin/191507562,,Medellín,urbanizacion rafael uribe uribe,,,Carrera 71 # 18 31,Apartamento,435000000.0,180.0,2416666.6666666665,,False,,,,,,4,3.0,,,0,,2024-09-30,,Grupo Empresarial Mi,
129,192564186,fincaraiz,https://www.fincaraiz.com.co/apartamento-en-venta-en-belen-san-bernardo-medellin/192564186,,Medellín,belen,,,CL 24A # 71 - 41,Apartamento,200000000.0,67.0,2985074.6268656715,,False,,,,,,2,1.0,,,0,,2025-06-24,,INVERSIONES INMOBIENES,
130,192462931,fincaraiz,https://www.fincaraiz.com.co/casa-en-venta-en-belen-san-bernardo-medellin/192462931,,Medellín,urbanizacion rafael uribe uribe,,,calle 20#72,Casa,620000000.0,140.0,4428571.428571428,,False,,,,,,4,3.0,,,0,,2025-05-28,,Arrendamientos e Inmobiliaria Alameda,
131,191766935,fincaraiz,https://www.fincaraiz.com.co/apartamento-en-venta-en-belen-san-bernardo-medellin/191766935,,Medellín,belen,,,"Calle 24 #71A-56, Medellín, Antioquia, Colombia",Apartamento,185000000.0,66.0,2803030.303030303,,False,,,,,,2,1.0,,,0,,2024-12-06,,Coseinpro,
132,192695325,fincaraiz,https://www.fincaraiz.com.co/apartamento-en-venta-en-belen-san-bernardo-medellin/192695325,,Medellín,belen,,,"Calle 22 # 75-35, Medellín, Antioquia, Colombia",Apartamento,310000000.0,55.0,5636363.636363637,,False,,,,,,3,2.0,,,0,,2025-07-29,,ARRENDAMIENTOS MEDELLIN,
133,10571957,fincaraiz,https://www.fincaraiz.com.co/casa-en-venta-en-medellin/10571957,,Medellín,belen,,,Calle 15 # 70-24,Casa,450000000.0,140.0,3214285.714285714,,False,,,,,,3,2.0,,,1,,2024-02-09,,Viva Inmobiliaria Asociados,
134,191576328,fincaraiz,https://www.fincaraiz.com.co/casa-en-venta-en-belen-medellin/191576328,,Medellín,belen,,,Calle  24 # 71 A 21,Casa,535000000.0,90.0,5944444.444444444,,False,,,,,,3,2.0,,,1,,2024-10-16,,CITY RAIZ,
135,10975144,fincaraiz,https://www.fincaraiz.com.co/casa-lote-en-venta-en-belen-san-bernardo-medellin/10975144,,Medellín,belen,,,"Carrera 76 #23-16, Medellín, Antioquia, Colombia",Casa,1380000000.0,212.21,6502992.318929362,,False,,,,,,0,0.0,,,0,,2024-06-12,,ARRENDAMIENTOS MEDELLIN,
136,10602830,fincaraiz,https://www.fincaraiz.com.co/casa-en-venta-en-diego-echavarria-medellin/10602830,,Medellín,diego echavarria,,,"Carrera 70A #9a-28, Medellín, Antioquia, Colombia",Casa,600000000.0,119.0,5042016.806722689,,False,,,,,,3,2.0,,,1,,2024-02-17,,ARRENDAMIENTOS MEDELLIN,
137,10706072,fincaraiz,https://www.fincaraiz.com.co/casa-en-venta-en-belen-medellin/10706072,,Medellín,belen,,,"Cl. 25 #79a-109, Medellín, Antioquia, Colombia",Casa,380000000.0,112.0,3392857.1428571427,,False,,,,,,4,3.0,,,0,,2024-03-19,,Arrendamientos Santa Fe - Ventas,
138,191677607,fincaraiz,https://www.fincaraiz.com.co/casa-en-venta-en-belen-san-bernardo-medellin/191677607,,Medellín,belen,,,CALLE 22 # 71A-21,Casa,420000000.0,170.0,2470588.2352941176,,True,,,,,,5,3.0,,,0,,2024-11-13,,Inmobiliaria Tobon,
139,10800776,fincaraiz,https://www.fincaraiz.com.co/casa-en-venta-en-belen-las-playas-medellin/10800776,,Medellín,urbanizacion rafael uribe uribe,,,"Las Playas, Medellín, Belén, Medellín, Antioquia, Colombia",Casa,370000000.0,88.3,4190260.475651189,,False,,,,,,3,2.0,,,0,,2024-04-19,,Inmobiliaria Echeverry,
140,191664746,fincaraiz,https://www.fincaraiz.com.co/casa-en-venta-en-belen-medellin/191664746,,Medellín,belen,,,CL 24 # 72 - 28,Casa,430000000.0,95.49,4503089.328725521,,False,,,,,,3,2.0,,,1,,2024-11-09,,Arrendamientos Santa Fe - Ventas,
141,191809260,fincaraiz,https://www.fincaraiz.com.co/casa-en-venta-en-belen-las-playas-medellin/191809260,,Medellín,belen,,,CL 13 A 71 A 40 PISO 1,Casa,460000000.0,120.0,3833333.3333333335,,False,,,,,,4,1.0,,,0,,2024-12-18,,INMOBILIARIA PROTEBIENES,
142,11066418,fincaraiz,https://www.fincaraiz.com.co/casa-en-venta-en-belen-medellin/11066418,,Medellín,belen,,,"San Bernardo, Medellín, Belén, Medellin, Antioquia, Colombia",Casa,319400000.0,75.0,4258666.666666667,,False,,,,,,3,2.0,,,0,,2024-07-23,,EMPORIO BIENES Y CAPITALES S.A.S,
143,10675504,fincaraiz,https://www.fincaraiz.com.co/casa-en-venta-en-belen-medellin/10675504,,Medellín,belen,,,CL 25 79 A 109 PISO 2,Casa,430000000.0,112.0,3839285.714285714,,False,,,,,,4,2.0,,,0,,2024-03-09,,Arrendamientos las vegas,
144,10969447,fincaraiz,https://www.fincaraiz.com.co/casa-en-venta-en-belen-medellin/10969447,,Medellín,belen,,,"Carrera 76 #23-16, Medellín, Antioquia, Colombia",Casa,1380000000.0,200.0,6900000.0,,False,,,,,,0,0.0,,,0,,2024-06-09,,JULIAN VELASQUEZ,
145,191085457,fincaraiz,https://www.fincaraiz.com.co/casa-en-venta-en-belen-san-bernardo-medellin/191085457,,Medellín,belen,,,"Calle 25 #75-51, Colombia, Medellín, Antioquia, Colombia",Casa,650000000.0,136.0,4779411.764705882,,True,,,,,,4,4.0,,,0,,2024-07-03,,JULIAN VELASQUEZ,
146,10900425,fincaraiz,https://www.fincaraiz.com.co/casa-en-venta-en-belen-las-playas-medellin/10900425,,Medellín,belen las playas,,,Calle 15 #70 -75,Casa,400000000.0,100.0,4000000.0,,False,,,,,,3,3.0,,,0,,2024-05-20,,Arrendamientos las vegas,
147,10914609,fincaraiz,https://www.fincaraiz.com.co/bodega-en-venta-en-belen-san-bernardo-medellin/10914609,,Medellín,belen,,,Carrera 74 #24 -16,Bodega,2400000000.0,550.0,4363636.363636363,,False,,,,,,2,2.0,,,4,,2024-05-23,,BRIKSS SAS,
148,10760914,fincaraiz,https://www.fincaraiz.com.co/casa-en-venta-en-belen-alameda-medellin/10760914,,Medellín,belen alameda,,,CR 75 A 32 A 136 CS,Casa,1400000000.0,200.0,7000000.0,,False,,,,,,7,8.0,,,1,,2024-04-09,,Arrendamientos El Castillo S.A.S,
149,10570727,fincaraiz,https://www.fincaraiz.com.co/casa-en-venta-en-belen-la-palma-medellin/10570727,,Medellín,belen la palma,,,Calle 24 # 82A -48 Piso 1,Casa,690000000.0,183.0,3770491.8032786883,,False,,,,,,4,3.0,,,1,,2024-02-09,,Viva Inmobiliaria Asociados,
150,10851278,fincaraiz,https://www.fincaraiz.com.co/casa-en-venta-en-belen-las-playas-medellin/10851278,,Medellín,urbanizacion rafael uribe uribe,,,"Las Playas, Belén, Medellín, Antioquia, Colombia",Casa,440000000.0,102.3,4301075.268817204,,False,,,,,,3,2.0,,,1,,2024-05-06,,Inmobiliaria Echeverry,
151,192569844,fincaraiz,https://www.fincaraiz.com.co/apartamento-en-venta-en-urbanizacion-quintas-del-sol-de-la-mota-medellin/192569844,,Medellín,urbanizacion quintas del sol de la mota,,,"Cr75 # 2 B Sur-35, Medellín, Antioquia.
Urbanización santa Juana",Apartamento,385000000.0,67.0,5746268.6567164175,,False,,,,,,3,2.0,,,1,,2025-06-25,,KSTA INMOBILIARIA,
152,192699518,fincaraiz,https://www.fincaraiz.com.co/apartamento-en-venta-en-belen-las-playas-medellin/192699518,,Medellín,belen las playas,,,CALLE 25 70A- 38,Apartamento,420000000.0,85.0,4941176.470588235,,False,,,,,,3,2.0,,,0,,2025-07-30,,PANORAMA SAN JUAN,
153,192668051,fincaraiz,https://www.fincaraiz.com.co/apartamento-en-venta-en-belen-san-bernardo-medellin/192668051,,Medellín,belen,,,Carrera 75 #25 -41,Apartamento,500000000.0,120.0,4166666.6666666665,,True,,,,,,4,3.0,,,0,,2025-07-22,,Mattis Inmobiliaria,
154,192311536,fincaraiz,https://www.fincaraiz.com.co/casa-en-venta-en-belen-san-bernardo-medellin/192311536,,Medellín,belen san bernardo,,,"calle 24 número 71 a 21 Belén, Medellín, Antioquia",Casa,540000000.0,110.0,4909090.909090909,,False,,,,,,3,2.0,,,0,,2025-04-25,,KSTA INMOBILIARIA,
155,192585910,fincaraiz,https://www.fincaraiz.com.co/casa-en-venta-en-la-doctora-medellin/192585910,,Medellín,la doctora,,,"BELÉN SAN BERNARDO , Calle 24 #71 a 21",Casa,545000000.0,130.0,4192307.6923076925,,False,,,,,,4,2.0,,,1,,2025-06-30,,Compro Casa,
156,192731716,fincaraiz,https://www.fincaraiz.com.co/apartamento-en-venta-en-belen-medellin/192731716,,Medellín,urbanizacion rafael uribe uribe,,,Belén,Apartamento,380000000.0,105.0,3619047.619047619,,False,,,,,,5,1.0,,,0,,2025-08-08,,D Logistica Inmobiliaria,
157,192721513,fincaraiz,https://www.fincaraiz.com.co/casa-en-venta-en-belen-medellin/192721513,,Medellín,belen,,,Calle 24 No. 71a - 21,Casa,560000000.0,130.0,4307692.307692308,,False,,,,,,4,2.0,,,2,,2025-08-05,,VIVIENDO GRUPO INMOBILIARIO,
158,192481255,fincaraiz,https://www.fincaraiz.com.co/apartamento-en-venta-en-belen-medellin/192481255,,Medellín,belen,,,CL 13 73 22 INT 401 BL 32,Apartamento,330000000.0,7830.0,42145.5938697318,,False,,,,,,3,2.0,,,0,,2025-06-03,,Arrendamientos El Castillo S.A.S,
159,192390738,fincaraiz,https://www.fincaraiz.com.co/apartamento-en-venta-en-belen-san-bernardo-medellin/192390738,,Medellín,belen,,,SAN BERNARDO,Apartamento,460000000.0,100.0,4600000.0,,True,,,,,,3,2.0,,,0,,2025-05-14,,VIVÁREA SAS,
160,192464530,fincaraiz,https://www.fincaraiz.com.co/local-en-venta-en-laureles-medellin/192464530,,Medellín,laureles,,,Cra 74 39B 15,Local,400000000.0,51.0,7843137.2549019605,,False,,,,,,0,1.0,,,1,,2025-05-29,,PROYECTA IN INMOBILIARIA SAS,
161,192174210,fincaraiz,https://www.fincaraiz.com.co/casa-en-venta-en-belen-las-playas-medellin/192174210,,Medellín,belen las playas,,,Calle 11 # 70-36,Casa,450000000.0,100.0,4500000.0,,False,,,,,,4,1.0,,,0,,2025-03-20,,Arrendamientos las vegas,
162,192632367,fincaraiz,https://www.fincaraiz.com.co/casa-en-venta-en-belen-medellin/192632367,,Medellín,diego echavarria,,,CR 75 28 27 AP 201,Casa,460000000.0,161.0,2857142.8571428573,,False,,,,,,4,5.0,,,0,,2025-07-12,,Activos Y Bienes SAS,
163,192338377,fincaraiz,https://www.fincaraiz.com.co/local-en-venta-en-belen-medellin/192338377,,Medellín,urbanizacion san bernardo,,,Carrera 70 # 26 A 33,Local,600000000.0,60.0,10000000.0,,False,,,,,,0,1.0,,,0,,2025-05-02,,Grupo Empresarial Mi,
164,192359660,fincaraiz,https://www.fincaraiz.com.co/apartamento-en-venta-en-belen-medellin/192359660,,Medellín,belen las playas,,,Carrera 71 A 12-37,Apartamento,265000000.0,56.0,4732142.857142857,,False,,,,,,3,1.0,,,0,,2025-05-07,,Grupo Empresarial Mi,
165,192760853,fincaraiz,https://www.fincaraiz.com.co/apartamento-en-venta-en-belen-medellin/192760853,,Medellín,belen,,,CR 60 110 223 PISO 1,Apartamento,200000000000000.0,60.0,3333333333333.3335,,False,,,,,,2,2.0,,,0,,2025-08-16,,Arrendamientos El Castillo S.A.S,
166,192354167,fincaraiz,https://www.fincaraiz.com.co/casa-en-venta-en-medellin/192354167,,Medellín,belen,,,Belen San Bernardo,Casa,355000000.0,112.0,3169642.8571428573,,False,,,,,,3,2.0,,,0,,2025-05-06,,Triangulo Inmobiliario,
167,192282953,fincaraiz,https://www.fincaraiz.com.co/casa-en-venta-en-belen-san-bernardo-medellin/192282953,,Medellín,belen,,,Belén San Bernardo - Calle 19 # 75 A 29,Casa,600000000.0,118.0,5084745.762711864,,False,,,,,,3,2.0,,,0,,2025-04-16,,CASAS Y ESPACIOS,
168,192509665,fincaraiz,https://www.fincaraiz.com.co/casa-en-venta-en-belen-san-bernardo-medellin/192509665,,Medellín,urbanizacion rafael uribe uribe,,,Calle 20 #72 -46,Casa,620000000.0,140.0,4428571.428571428,,False,,,,,,4,3.0,,,1,,2025-06-10,,Arrendamientos las vegas,
169,192601028,fincaraiz,https://www.fincaraiz.com.co/apartamento-en-venta-en-belen-medellin/192601028,,Medellín,urbanizacion rafael uribe uribe,,,Calle 17 # 71 - 65,Apartamento,420000000.0,120.0,3500000.0,,False,,,,,,4,2.0,,,0,,2025-07-04,,Petra Inmobiliaria,
170,192758778,fincaraiz,https://www.fincaraiz.com.co/bodega-en-venta-en-belen-medellin/192758778,,Medellín,urbanizacion san bernardo,,,Carrera 73 # 25 251,Bodega,1800000000.0,505.0,3564356.4356435644,,False,,,,,,0,2.0,,,0,,2025-08-15,,Grupo Empresarial Mi,
171,192579805,fincaraiz,https://www.fincaraiz.com.co/casa-en-venta-en-medellin/192579805,,Medellín,urbanizacion rafael uribe uribe,,,CL 17 #71 65,Casa,480000000.0,105.0,4571428.571428572,,False,,,,,,3,2.0,,,0,,2025-06-27,,PANORAMA BELEN,
172,192471675,fincaraiz,https://www.fincaraiz.com.co/casa-en-venta-en-urbanizacion-quintas-del-sol-de-la-mota-medellin/192471675,,Medellín,urbanizacion quintas del sol de la mota,,,"Cra. 75 DA #2b Sur 100, Medellín, belén",Casa,455000000.0,74.0,6148648.6486486485,,False,,,,,,4,3.0,,,1,,2025-05-30,,KSTA INMOBILIARIA,
173,192137957,fincaraiz,https://www.fincaraiz.com.co/apartamento-en-venta-en-belen-medellin/192137957,,Medellín,belen,,,CALLE 12 # 75-37 unidad Victoria Real Belén las playas,Apartamento,315000000.0,66.0,4772727.2727272725,,False,,,,,,3,2.0,,,0,,2025-03-13,,KSTA INMOBILIARIA,
174,192347228,fincaraiz,https://www.fincaraiz.com.co/apartamento-en-venta-en-belen-san-bernardo-medellin/192347228,,Medellín,granada,,,Carrera 74 #26 -78,Apartamento,235000000.0,51.0,4607843.137254902,,False,,,,,,3,2.0,,,0,,2025-05-05,,Mattis Inmobiliaria,
175,192397060,fincaraiz,https://www.fincaraiz.com.co/local-en-venta-en-el-poblado-medellin/192397060,,Medellín,el poblado,,,CL 20A  78 54,Local,600000000.0,102.0,5882352.94117647,,False,,,,,,0,1.0,,,0,,2025-05-15,,BROKER,
176,192619386,fincaraiz,https://www.fincaraiz.com.co/casa-en-venta-en-belen-medellin/192619386,,Medellín,belen,,,CALLE 18 #81,Casa,950000000.0,189.0,5026455.026455026,,False,,,,,,3,2.0,,,1,,2025-07-09,,INMOBILIARIA SELECTA,
177,192579785,fincaraiz,https://www.fincaraiz.com.co/apartamento-en-venta-en-belen-medellin/192579785,,Medellín,diego echavarria,,,CR 72 #10A 26,Apartamento,320000000.0,89.0,3595505.617977528,,False,,,,,,3,2.0,,,0,,2025-06-27,,PANORAMA BELEN,
178,192175269,fincaraiz,https://www.fincaraiz.com.co/casa-en-venta-en-belen-las-playas-medellin/192175269,,Medellín,belen las playas,,,Cll 11 # 70 -36,Casa,430000000.0,95.0,4526315.7894736845,,False,,,,,,3,1.0,,,0,,2025-03-20,,Arrendamientos las vegas,
179,192347817,fincaraiz,https://www.fincaraiz.com.co/casa-en-venta-en-belen-san-bernardo-medellin/192347817,,Medellín,belen,,,Calle 27 #77 -77,Casa,590000000.0,97.0,6082474.226804123,,False,,,,,,3,3.0,,,1,,2025-05-05,,Mattis Inmobiliaria,
180,192136508,fincaraiz,https://www.fincaraiz.com.co/casa-en-venta-en-belen-las-playas-medellin/192136508,,Medellín,belen,,,Calle 16 # 70-72 Apto. 401,Casa,345000000.0,115.0,3000000.0,,False,,,,,,3,2.0,,,0,,2025-03-13,,Viva Inmobiliaria Asociados,
181,192759093,fincaraiz,https://www.fincaraiz.com.co/casa-en-venta-en-belen-medellin/192759093,,Medellín,urbanizacion rafael uribe uribe,,,CALLE 18 76- 06,Casa,730000000.0,144.0,5069444.444444444,,False,,,,,,4,3.0,,,2,,2025-08-15,,BEMSA,
182,192445631,fincaraiz,https://www.fincaraiz.com.co/apartamento-en-venta-en-el-poblado-medellin/192445631,,Medellín,el poblado,,,Calle 19 # 43 80,Apartamento,680000000.0,84.0,8095238.095238095,,False,,,,,,3,2.0,,,0,,2025-05-24,,Grupo Empresarial Mi,
183,192428668,fincaraiz,https://www.fincaraiz.com.co/apartamento-en-venta-en-belen-san-bernardo-medellin/192428668,,Medellín,belen,,,CR 75 26 AP 201,Apartamento,350000000.0,87.0,4022988.5057471264,,False,,,,,,3,2.0,,,0,,2025-05-21,,Arrendamientos El Castillo S.A.S,
184,192767225,fincaraiz,https://www.fincaraiz.com.co/casa-en-venta-en-belen-medellin/192767225,,Medellín,belen aliadas,,,CARERRA 79 # 20A 02,Casa,628000000.0,248.0,2532258.064516129,,False,,,,,,6,4.0,,,1,,2025-08-19,,BEMSA,
185,192679316,fincaraiz,https://www.fincaraiz.com.co/apartamento-en-venta-en-el-trapiche-medellin/192679316,,Medellín,el trapiche,,,Carrera 66bb 56b 26,Apartamento,255000000.0,54.0,4722222.222222222,,False,,,,,,3,2.0,,,1,,2025-07-24,,NEX CAPITAL,
186,192699515,fincaraiz,https://www.fincaraiz.com.co/apartamento-en-venta-en-la-gloria-medellin/192699515,,Medellín,belen aliadas,,,CALLE 20A 78- 30,Apartamento,430000000.0,110.0,3909090.909090909,,False,,,,,,3,2.0,,,0,,2025-07-30,,PANORAMA SAN JUAN,
187,192228061,fincaraiz,https://www.fincaraiz.com.co/casa-en-venta-en-suramerica-medellin/192228061,,Medellín,suramerica,,,carrera 52 D # 79 aA SUR 188,Casa,900000000.0,330.0,2727272.727272727,,False,,,,,,5,4.0,,,6,,2025-04-03,,CASAS Y ESPACIOS,
188,192326558,fincaraiz,https://www.fincaraiz.com.co/casa-en-venta-en-belen-san-bernardo-medellin/192326558,,Medellín,belen,,,san bernardo,Casa,380000000.0,144.0,2638888.888888889,,False,,,,,,4,2.0,,,0,,2025-04-29,,Proser Inmobiliaria,
189,192545840,fincaraiz,https://www.fincaraiz.com.co/apartamento-en-venta-en-loma-de-los-bernal-medellin/192545840,,Medellín,loma de los bernal,,,CALLE 8 74F- 220,Apartamento,370000000.0,51.0,7254901.960784313,,False,,,,,,3,2.0,,,0,,2025-06-18,,ARRENDAMIENTOS UMBRAL,
190,192229364,fincaraiz,https://www.fincaraiz.com.co/casa-en-venta-en-belen-las-playas-medellin/192229364,,Medellín,belen las playas,,,Calle 12 con carrera 71,Casa,580000000.0,97.0,5979381.443298969,,False,,,,,,3,2.0,,,0,,2025-04-03,,CASAS Y ESPACIOS,
191,192549054,fincaraiz,https://www.fincaraiz.com.co/apartamento-en-venta-en-belen-san-bernardo-medellin/192549054,,Medellín,urbanizacion san bernardo,,,CL 26A  70A 7 AP 301,Apartamento,300000000.0,72.0,4166666.6666666665,,False,,,,,,3,1.0,,,0,,2025-06-19,,Maxibienes S.A.S,
192,192723217,fincaraiz,https://www.fincaraiz.com.co/apartamento-en-venta-en-belen-rosales-medellin/192723217,,Medellín,belen rosales,,,CL 26 B 69 B 25 INT 309,Apartamento,380000000.0,62.0,6129032.258064516,,False,,,,,,2,2.0,,,0,,2025-08-06,,INMOBILIARIA CONSTRUCASAS SAS,
193,192488915,fincaraiz,https://www.fincaraiz.com.co/casa-en-venta-en-belen-medellin/192488915,,Medellín,urbanizacion rafael uribe uribe,,,CR 73 19 22,Casa,990000000.0,216.0,4583333.333333333,,False,,,,,,4,1.0,,,0,,2025-06-04,,A&N Activos y Negocios,
194,192704461,fincaraiz,https://www.fincaraiz.com.co/apartamento-en-venta-en-belen-medellin/192704461,,Medellín,belen,,,carrera 74 # 22 47,Apartamento,550000000.0,120.0,4583333.333333333,,False,,,,,,3,2.0,,,1,,2025-07-31,,Mattis Inmobiliaria,
195,192546082,fincaraiz,https://www.fincaraiz.com.co/apartamento-en-venta-en-belen-las-playas-medellin/192546082,,Medellín,belen,,,calle 16 # 70-48,Apartamento,400000000.0,105.0,3809523.8095238097,,False,,,,,,5,1.0,,,0,,2025-06-18,,Mattis Inmobiliaria,
196,192423143,fincaraiz,https://www.fincaraiz.com.co/casa-en-venta-en-belen-medellin/192423143,,Medellín,belen aliadas,,,Cra 81 # 6a 01 Medellín Belen agua fresca,Casa,1080000000.0,206.0,5242718.446601942,,False,,,,,,3,4.0,,,3,,2025-05-21,,HOMES PROVENTO,
197,192539209,fincaraiz,https://www.fincaraiz.com.co/apartamento-en-venta-en-belen-medellin/192539209,,Medellín,rodeo alto,,,CARRERA 75 # 8-31,Apartamento,420000000.0,75.0,5600000.0,,False,,,,,,2,2.0,,,1,,2025-06-17,,VIVIENDO GRUPO INMOBILIARIO,
198,192760850,fincaraiz,https://www.fincaraiz.com.co/apartamento-en-venta-en-belen-medellin/192760850,,Medellín,belen,,,CR 88 118 544 PISO 1,Apartamento,10000000000000.0,60.0,166666666666.66666,,False,,,,,,2,2.0,,,0,,2025-08-16,,Arrendamientos El Castillo S.A.S,
199,3267-M5951680,metrocuadrado,https://www.metrocuadrado.com.co/inmueble/venta-apartamento-medellin-belen-san-bernardo-4-habitaciones-3-banos/3267-M5951680,,Medellín,BELEN SAN BERNARDO,,,,Apartamento,500000000.0,120.0,4166666.6666666665,,True,,,,,,4,3.0,,,0,,2025-08-20T03:10:09.000Z,,,
200,3267-M5452674,metrocuadrado,https://www.metrocuadrado.com.co/inmueble/venta-casa-medellin-san-bernardo-3-habitaciones-3-banos-1-garajes/3267-M5452674,,Medellín,SAN BERNARDO,,,,Casa,590000000.0,97.7,6038894.575230297,,False,,,,,,3,3.0,,,1,,2025-04-04T16:38:24.000Z,,,
201,17080-M5742393,metrocuadrado,https://www.metrocuadrado.com.co/inmueble/venta-apartamento-medellin-belen-2-habitaciones-1-banos/17080-M5742393,,Medellín,BELEN,,,,Apartamento,250000000.0,46.0,5434782.608695652,,False,,,,,,2,1.0,,,0,,2025-07-30T09:48:26.000Z,,,
202,16187-M4517594,metrocuadrado,https://www.metrocuadrado.com.co/inmueble/venta-apartamento-medellin-diego-echavarria-3-habitaciones-2-banos-1-garajes/16187-M4517594,,Medellín,DIEGO ECHAVARRIA,,,,Apartamento,430000000.0,89.0,4831460.674157304,,False,,,,,,3,2.0,,,1,,2025-08-04T09:24:43.000Z,,,
203,18237-M5427398,metrocuadrado,https://www.metrocuadrado.com.co/inmueble/venta-apartamento-medellin-san-bernardo-4-habitaciones-3-banos-2-garajes/18237-M5427398,,Medellín,SAN BERNARDO,,,,Apartamento,1000000000.0,220.0,4545454.545454546,,False,,,,,,4,3.0,,,2,,2025-08-10T03:10:23.000Z,,,
204,18237-M5483011,metrocuadrado,https://www.metrocuadrado.com.co/inmueble/venta-apartamento-medellin-granada-3-habitaciones-1-banos-1-garajes/18237-M5483011,,Medellín,GRANADA,,,,Apartamento,370000000.0,93.0,3978494.623655914,,False,,,,,,3,1.0,,,1,,2025-08-06T03:10:31.000Z,,,
205,18237-M5701214,metrocuadrado,https://www.metrocuadrado.com.co/inmueble/venta-apartamento-medellin-san-bernardo-5-habitaciones-2-banos/18237-M5701214,,Medellín,SAN BERNARDO,,,,Apartamento,560000000.0,147.0,3809523.8095238097,,False,,,,,,5,2.0,,,0,,2025-08-09T03:10:20.000Z,,,
206,12792-M5652058,metrocuadrado,https://www.metrocuadrado.com.co/inmueble/venta-casa-medellin-belen-3-habitaciones-2-banos/12792-M5652058,,Medellín,BELEN,,,,Casa,340000000.0,93.0,3655913.9784946237,,False,,,,,,3,2.0,,,0,,2025-08-12T14:49:24.000Z,,,
207,18237-M5948554,metrocuadrado,https://www.metrocuadrado.com.co/inmueble/venta-apartamento-medellin-belen-san-bernardo-2-habitaciones-1-banos/18237-M5948554,,Medellín,BELEN SAN BERNARDO,,,,Apartamento,290000000.0,50.0,5800000.0,,False,,,,,,2,1.0,,,0,,2025-08-19T03:10:09.000Z,,,
208,18237-M5952490,metrocuadrado,https://www.metrocuadrado.com.co/inmueble/venta-casa-medellin-belen-la-gloria-3-habitaciones-2-banos/18237-M5952490,,Medellín,BELEN LA GLORIA,,,,Casa,590000000.0,128.8,4580745.341614907,,True,,,,,,3,2.0,,,0,,2025-08-20T03:10:10.000Z,,,
209,18237-M5959909,metrocuadrado,https://www.metrocuadrado.com.co/inmueble/venta-apartamento-medellin-san-bernardo-3-habitaciones-2-banos/18237-M5959909,,Medellín,SAN BERNARDO,,,,Apartamento,380000000.0,72.0,5277777.777777778,,False,,,,,,3,2.0,,,0,,2025-07-25T21:26:47.000Z,,,
210,18237-M5797701,metrocuadrado,https://www.metrocuadrado.com.co/inmueble/venta-apartamento-medellin-las-playas-3-habitaciones-2-banos/18237-M5797701,,Medellín,LAS PLAYAS,,,,Apartamento,400000000.0,80.0,5000000.0,,False,,,,,,3,2.0,,,0,,2025-08-04T03:10:15.000Z,,,
211,18237-M5983338,metrocuadrado,https://www.metrocuadrado.com.co/inmueble/venta-apartamento-medellin-belen-san-bernardo-4-habitaciones-3-banos-1-garajes/18237-M5983338,,Medellín,BELEN SAN BERNARDO,,,,Apartamento,600000000.0,150.0,4000000.0,,False,,,,,,4,3.0,,,1,,2025-08-08T15:02:33.000Z,,,
212,12792-M5022223,metrocuadrado,https://www.metrocuadrado.com.co/inmueble/venta-casa-medellin-diego-echavarria-5-habitaciones-3-banos-1-garajes/12792-M5022223,,Medellín,DIEGO ECHAVARRIA,,,,Casa,900000000.0,260.0,3461538.4615384615,,False,,,,,,5,3.0,,,1,,2025-08-01T03:10:13.000Z,,,
213,12792-M5611059,metrocuadrado,https://www.metrocuadrado.com.co/inmueble/venta-casa-medellin-san-bernardo-5-habitaciones-2-banos/12792-M5611059,,Medellín,SAN BERNARDO,,,,Casa,550000000.0,116.0,4741379.310344827,,False,,,,,,5,2.0,,,0,,2025-08-13T03:10:09.000Z,,,
214,2895-M4811489,metrocuadrado,https://www.metrocuadrado.com.co/inmueble/venta-apartamento-medellin-san-bernardo-3-habitaciones-5-banos/2895-M4811489,,Medellín,SAN BERNARDO,,,,Apartamento,550000000.0,100.0,5500000.0,,False,,,,,,3,5.0,,,0,,2025-08-04T03:10:10.000Z,,,
215,2895-M4790201,metrocuadrado,https://www.metrocuadrado.com.co/inmueble/venta-apartamento-medellin-granada-3-habitaciones-4-banos-2-garajes/2895-M4790201,,Medellín,GRANADA,,,,Apartamento,395000000.0,140.0,2821428.5714285714,,False,,,,,,3,4.0,,,2,,2025-08-14T03:10:07.000Z,,,
216,2895-M4861465,metrocuadrado,https://www.metrocuadrado.com.co/inmueble/venta-apartamento-medellin-las-playas-3-habitaciones-1-banos/2895-M4861465,,Medellín,LAS PLAYAS,,,,Apartamento,450000000.0,65.0,6923076.923076923,,False,,,,,,3,1.0,,,0,,2025-08-14T03:10:08.000Z,,,
217,2895-M4914613,metrocuadrado,https://www.metrocuadrado.com.co/inmueble/venta-casa-medellin-las-playas-3-habitaciones-2-banos/2895-M4914613,,Medellín,LAS PLAYAS,,,,Casa,380000000.0,84.0,4523809.523809524,,False,,,,,,3,2.0,,,0,,2024-11-26T00:22:53.000Z,,,
218,2895-M4961814,metrocuadrado,https://www.metrocuadrado.com.co/inmueble/venta-apartamento-medellin-san-bernardo-3-habitaciones-5-banos/2895-M4961814,,Medellín,SAN BERNARDO,,,,Apartamento,350000000.0,98.0,3571428.5714285714,,False,,,,,,3,5.0,,,0,,2025-08-14T03:10:09.000Z,,,
219,2895-M3595444,metrocuadrado,https://www.metrocuadrado.com.co/inmueble/venta-casa-medellin-san-bernardo-5-habitaciones-4-banos/2895-M3595444,,Medellín,SAN BERNARDO,,,,Casa,320000000.0,157.0,2038216.560509554,,False,,,,,,5,4.0,,,0,,2024-11-26T00:22:53.000Z,,,
220,2895-M4715429,metrocuadrado,https://www.metrocuadrado.com.co/inmueble/venta-apartamento-medellin-san-bernardo-3-habitaciones-2-banos/2895-M4715429,,Medellín,SAN BERNARDO,,,,Apartamento,322000000.0,120.0,2683333.3333333335,,False,,,,,,3,2.0,,,0,,2024-11-26T00:22:53.000Z,,,
221,14973-M5952949,metrocuadrado,https://www.metrocuadrado.com.co/inmueble/venta-apartamento-medellin-belen-la-mota-3-habitaciones-3-banos-1-garajes/14973-M5952949,,Medellín,BELEN LA MOTA,,,,Apartamento,540000000.0,93.0,5806451.612903226,,False,,,,,,3,3.0,,,1,,2025-07-23T09:23:20.000Z,,,
222,2895-M4599646,metrocuadrado,https://www.metrocuadrado.com.co/inmueble/venta-apartamento-medellin-las-playas-4-habitaciones-3-banos/2895-M4599646,,Medellín,LAS PLAYAS,,,,Apartamento,435000000.0,180.0,2416666.6666666665,,False,,,,,,4,3.0,,,0,,2024-11-26T00:22:53.000Z,,,
223,18237-M5796359,metrocuadrado,https://www.metrocuadrado.com.co/inmueble/venta-casa-medellin-san-bernardo-3-habitaciones-2-banos/18237-M5796359,,Medellín,SAN BERNARDO,,,,Casa,580000000.0,118.0,4915254.237288136,,False,,,,,,3,2.0,,,0,,2025-08-03T03:10:32.000Z,,,
224,18237-M5947172,metrocuadrado,https://www.metrocuadrado.com.co/inmueble/venta-apartamento-medellin-belen-san-bernardo-2-habitaciones-1-banos/18237-M5947172,,Medellín,BELEN SAN BERNARDO,,,,Apartamento,290000000.0,50.0,5800000.0,,False,,,,,,2,1.0,,,0,,2025-08-16T03:10:10.000Z,,,
225,16974-M5727368,metrocuadrado,https://www.metrocuadrado.com.co/inmueble/venta-casa-medellin-las-playas-3-habitaciones-2-banos/16974-M5727368,,Medellín,LAS PLAYAS,,,,Casa,345000000.0,115.0,3000000.0,,False,,,,,,3,2.0,,,0,,2025-07-26T03:10:42.000Z,,,
226,18237-M5622885,metrocuadrado,https://www.metrocuadrado.com.co/inmueble/venta-apartamento-medellin-urbanizacion-cazadiana-3-habitaciones-2-banos-1-garajes/18237-M5622885,,Medellín,URBANIZACION CAZADIANA,,,,Apartamento,400000000.0,77.0,5194805.194805195,,False,,,,,,3,2.0,,,1,,2025-07-28T03:10:33.000Z,,,
227,18237-M5956043,metrocuadrado,https://www.metrocuadrado.com.co/inmueble/venta-apartamento-medellin-belen-san-bernardo-en-la-comuna-16-medellin-4-habitaciones-2-banos/18237-M5956043,,Medellín,BELEN SAN BERNARDO EN LA COMUNA 16 MEDELLIN,,,,Apartamento,370000000.0,80.0,4625000.0,,False,,,,,,4,2.0,,,0,,2025-07-24T12:17:50.000Z,,,
228,18237-M5769434,metrocuadrado,https://www.metrocuadrado.com.co/inmueble/venta-casa-medellin-san-bernardo-4-habitaciones-2-banos/18237-M5769434,,Medellín,SAN BERNARDO,,,,Casa,610000000.0,160.0,3812500.0,,False,,,,,,4,2.0,,,0,,2025-08-17T03:10:09.000Z,,,
229,18237-M5797661,metrocuadrado,https://www.metrocuadrado.com.co/inmueble/venta-casa-medellin-san-bernardo-3-habitaciones-2-banos/18237-M5797661,,Medellín,SAN BERNARDO,,,,Casa,600000000.0,150.0,4000000.0,,False,,,,,,3,2.0,,,0,,2025-08-04T03:10:15.000Z,,,
230,18237-M5981348,metrocuadrado,https://www.metrocuadrado.com.co/inmueble/venta-apartamento-medellin-belen-san-bernardo-3-habitaciones-2-banos/18237-M5981348,,Medellín,BELEN SAN BERNARDO,,,,Apartamento,400000000.0,80.0,5000000.0,,False,,,,,,3,2.0,,,0,,2025-08-06T19:48:08.000Z,,,
231,18237-M5948534,metrocuadrado,https://www.metrocuadrado.com.co/inmueble/venta-apartamento-medellin-belen-las-playas-3-habitaciones-2-banos/18237-M5948534,,Medellín,BELEN LAS PLAYAS,,,,Apartamento,385000000.0,98.0,3928571.4285714286,,False,,,,,,3,2.0,,,0,,2025-08-18T03:10:10.000Z,,,
232,18237-M5623089,metrocuadrado,https://www.metrocuadrado.com.co/inmueble/venta-apartamento-medellin-san-bernardo-3-habitaciones-1-banos/18237-M5623089,,Medellín,SAN BERNARDO,,,,Apartamento,235000000.0,53.0,4433962.264150944,,False,,,,,,3,1.0,,,0,,2025-07-28T03:10:33.000Z,,,
233,15317-M6002405,metrocuadrado,https://www.metrocuadrado.com.co/inmueble/venta-casa-medellin-las-playas-5-habitaciones-2-banos/15317-M6002405,,Medellín,LAS PLAYAS,,,,Casa,520000000.0,160.0,3250000.0,,False,,,,,,5,2.0,,,0,,2025-08-20T08:59:46.000Z,,,
234,17080-M5662063,metrocuadrado,https://www.metrocuadrado.com.co/inmueble/venta-casa-medellin-belen-3-habitaciones-2-banos-1-garajes/17080-M5662063,,Medellín,BELEN,,,,Casa,560000000.0,108.0,5185185.185185186,,False,,,,,,3,2.0,,,1,,2025-08-09T03:10:20.000Z,,,
235,12792-M5777614,metrocuadrado,https://www.metrocuadrado.com.co/inmueble/venta-casa-medellin-san-bernardo-4-habitaciones-2-banos/12792-M5777614,,Medellín,SAN BERNARDO,,,,Casa,610000000.0,160.0,3812500.0,,False,,,,,,4,2.0,,,0,,2025-07-24T03:10:38.000Z,,,
236,16187-M5663288,metrocuadrado,https://www.metrocuadrado.com.co/inmueble/venta-casa-medellin-belen-la-palma-3-habitaciones-3-banos-1-garajes/16187-M5663288,,Medellín,BELEN LA PALMA,,,,Casa,595000000.0,110.0,5409090.909090909,,False,,,,,,3,3.0,,,1,,2025-08-19T03:10:09.000Z,,,
237,20717-M5976345,metrocuadrado,https://www.metrocuadrado.com.co/inmueble/venta-apartamento-medellin-belen-las-playas-3-habitaciones-2-banos/20717-M5976345,,Medellín,BELEN LAS PLAYAS,,,,Apartamento,320000000.0,80.0,4000000.0,,False,,,,,,3,2.0,,,0,,2025-08-04T17:04:31.000Z,,,
238,20490-M5986310,metrocuadrado,https://www.metrocuadrado.com.co/inmueble/venta-apartaestudio-medellin-belen-san-bernardo-3-habitaciones-2-banos-1-garajes/20490-M5986310,,Medellín,BELEN SAN BERNARDO,,,,Apartaestudio,440000000.0,59.0,7457627.118644068,,False,,,,,,3,2.0,,,1,,2025-08-11T12:38:06.000Z,,,
239,11813-M5061315,metrocuadrado,https://www.metrocuadrado.com.co/inmueble/venta-apartamento-medellin-las-playas-3-habitaciones-2-banos/11813-M5061315,,Medellín,LAS PLAYAS,,,,Apartamento,420000000.0,64.0,6562500.0,,False,,,,,,3,2.0,,,0,,2025-08-12T03:10:09.000Z,,,
240,737-M5824056,metrocuadrado,https://www.metrocuadrado.com.co/inmueble/venta-casa-medellin-san-bernardo-4-habitaciones-4-banos/737-M5824056,,Medellín,SAN BERNARDO,,,,Casa,650000000.0,179.0,3631284.9162011174,,False,,,,,,4,4.0,,,0,,2025-07-24T15:19:32.000Z,,,
241,737-M4933129,metrocuadrado,https://www.metrocuadrado.com.co/inmueble/venta-casa-medellin-san-bernardo-3-habitaciones-3-banos-2-garajes/737-M4933129,,Medellín,SAN BERNARDO,,,,Casa,780000000.0,225.0,3466666.6666666665,,False,,,,,,3,3.0,,,2,,2025-07-24T15:06:29.000Z,,,
242,737-M4806020,metrocuadrado,https://www.metrocuadrado.com.co/inmueble/venta-casa-medellin-las-playas-4-habitaciones-2-banos/737-M4806020,,Medellín,LAS PLAYAS,,,,Casa,450000000.0,92.0,4891304.347826087,,False,,,,,,4,2.0,,,0,,2025-08-04T03:10:12.000Z,,,
243,16760-M5303820,metrocuadrado,https://www.metrocuadrado.com.co/inmueble/venta-apartamento-medellin-loma-de-los-bernal-2-habitaciones-2-banos-1-garajes/16760-M5303820,,Medellín,LOMA DE LOS BERNAL,,,,Apartamento,402000000.0,70.0,5742857.142857143,,False,,,,,,2,2.0,,,1,,2025-07-25T16:48:31.000Z,,,
244,2511-M5846161,metrocuadrado,https://www.metrocuadrado.com.co/inmueble/venta-apartamento-medellin-san-bernardo-3-habitaciones-3-banos/2511-M5846161,,Medellín,SAN BERNARDO,,,,Apartamento,520000000.0,100.0,5200000.0,,True,,,,,,3,3.0,,,0,,2025-08-02T03:10:23.000Z,,,
245,2511-M5847023,metrocuadrado,https://www.metrocuadrado.com.co/inmueble/venta-local-comercial-medellin-san-bernardo-1-banos/2511-M5847023,,Medellín,SAN BERNARDO,,,,Local Comercial,160000000.0,18.0,8888888.888888888,,False,,,,,,,1.0,,,0,,2025-08-08T08:44:05.000Z,,,
246,18177-M5566973,metrocuadrado,https://www.metrocuadrado.com.co/inmueble/venta-apartamento-medellin-las-playas-2-habitaciones-1-banos/18177-M5566973,,Medellín,LAS PLAYAS,,,,Apartamento,260000000.0,60.0,4333333.333333333,,False,,,,,,2,1.0,,,0,,2025-07-28T03:10:32.000Z,,,
247,18177-M5645293,metrocuadrado,https://www.metrocuadrado.com.co/inmueble/venta-apartamento-medellin-san-bernardo-2-habitaciones-1-banos/18177-M5645293,,Medellín,SAN BERNARDO,,,,Apartamento,280000000.0,65.0,4307692.307692308,,False,,,,,,2,1.0,,,0,,2025-07-28T03:10:32.000Z,,,
248,509-M4989153,metrocuadrado,https://www.metrocuadrado.com.co/inmueble/venta-apartamento-medellin-san-bernardo-2-habitaciones-2-banos-1-garajes/509-M4989153,,Medellín,SAN BERNARDO,,,,Apartamento,420000000.0,93.0,4516129.0322580645,,False,,,,,,2,2.0,,,1,,2025-08-05T03:10:22.000Z,,,
249,509-M5575485,metrocuadrado,https://www.metrocuadrado.com.co/inmueble/venta-apartamento-medellin-san-bernardo-3-habitaciones-2-banos/509-M5575485,,Medellín,SAN BERNARDO,,,,Apartamento,365000000.0,70.0,5214285.714285715,,False,,,,,,3,2.0,,,0,,2025-07-31T03:10:12.000Z,,,
250,18794-M5688195,metrocuadrado,https://www.metrocuadrado.com.co/inmueble/venta-casa-medellin-san-bernardo-5-habitaciones-5-banos-1-garajes/18794-M5688195,,Medellín,SAN BERNARDO,,,,Casa,730000000.0,205.0,3560975.6097560977,,False,,,,,,5,5.0,,,1,,2025-08-16T03:10:10.000Z,,,
251,17134-M5548110,metrocuadrado,https://www.metrocuadrado.com.co/inmueble/venta-casa-medellin-san-bernardo-4-habitaciones-1-banos-1-garajes/17134-M5548110,,Medellín,SAN BERNARDO,,,,Casa,400000000.0,90.0,4444444.444444444,,False,,,,,,4,1.0,,,1,,2025-08-10T03:10:23.000Z,,,
252,10159-M5842504,metrocuadrado,https://www.metrocuadrado.com.co/inmueble/venta-apartamento-medellin-laureles-3-habitaciones-4-banos-2-garajes/10159-M5842504,,Medellín,LAURELES,,,,Apartamento,1180000000.0,100.0,11800000.0,,True,,,,,,3,4.0,,,2,,2025-08-11T14:36:08.000Z,,,
253,17134-M5947967,metrocuadrado,https://www.metrocuadrado.com.co/inmueble/venta-casa-medellin-granada-4-habitaciones-2-banos-1-garajes/17134-M5947967,,Medellín,GRANADA,,,,Casa,560000000.0,100.0,5600000.0,,False,,,,,,4,2.0,,,1,,2025-08-18T03:10:10.000Z,,,
254,4673-M4927099,metrocuadrado,https://www.metrocuadrado.com.co/inmueble/venta-apartamento-medellin-las-margaritas-1-habitaciones-1-banos-1-garajes/4673-M4927099,,Medellín,LAS MARGARITAS,,,,Apartamento,355000000.0,38.5,9220779.220779222,,False,,,,,,1,1.0,,,1,,2025-07-21T15:36:53.000Z,,,
255,20219-M5996186,metrocuadrado,https://www.metrocuadrado.com.co/inmueble/venta-apartamento-medellin-belen-san-bernado-5-habitaciones-2-banos/20219-M5996186,,Medellín,BELEN SAN BERNADO,,,,Apartamento,560000000.0,147.0,3809523.8095238097,,False,,,,,,5,2.0,,,0,,2025-08-15T12:18:58.000Z,,,
256,11166-M5858519,metrocuadrado,https://www.metrocuadrado.com.co/inmueble/venta-apartamento-medellin-la-mota-3-habitaciones-3-banos-1-garajes/11166-M5858519,,Medellín,LA MOTA,,,,Apartamento,410000000.0,80.0,5125000.0,,False,,,,,,3,3.0,,,1,,2025-08-16T20:31:27.000Z,,,
257,11166-M5858515,metrocuadrado,https://www.metrocuadrado.com.co/inmueble/venta-apartamento-medellin-belen-san-bernardo-2-habitaciones-1-banos/11166-M5858515,,Medellín,BELEN SAN BERNARDO,,,,Apartamento,360000000.0,66.0,5454545.454545454,,False,,,,,,2,1.0,,,0,,2025-08-16T20:51:11.000Z,,,
258,11166-M5858531,metrocuadrado,https://www.metrocuadrado.com.co/inmueble/venta-casa-medellin-belen-san-bernardo-5-habitaciones-2-banos/11166-M5858531,,Medellín,BELEN SAN BERNARDO,,,,Casa,730000000.0,200.0,3650000.0,,False,,,,,,5,2.0,,,0,,2025-08-16T20:35:48.000Z,,,
259,11086-M4993649,metrocuadrado,https://www.metrocuadrado.com.co/inmueble/venta-apartamento-medellin-diego-echavarria-1-habitaciones-2-banos-1-garajes/11086-M4993649,,Medellín,DIEGO ECHAVARRIA,,,,Apartamento,420000000.0,90.0,4666666.666666667,,False,,,,,,1,2.0,,,1,,2025-08-14T03:10:09.000Z,,,
260,18177-M5999672,metrocuadrado,https://www.metrocuadrado.com.co/inmueble/venta-apartamento-medellin-diego-echavarria-3-habitaciones-2-banos/18177-M5999672,,Medellín,DIEGO ECHAVARRIA,,,,Apartamento,360000000.0,69.0,5217391.304347826,,False,,,,,,3,2.0,,,0,,2025-08-19T10:45:56.000Z,,,
261,16215-M5550880,metrocuadrado,https://www.metrocuadrado.com.co/inmueble/venta-casa-medellin-las-playas-3-habitaciones-2-banos/16215-M5550880,,Medellín,LAS PLAYAS,,,,Casa,580000000.0,97.0,5979381.443298969,,False,,,,,,3,2.0,,,0,,2025-08-10T03:10:26.000Z,,,
262,12116-M4320423,metrocuadrado,https://www.metrocuadrado.com.co/inmueble/venta-apartamento-medellin-san-bernardo-5-habitaciones-3-banos/12116-M4320423,,Medellín,SAN BERNARDO,,,,Apartamento,440000000.0,113.0,3893805.309734513,,False,,,,,,5,3.0,,,0,,2025-08-07T03:10:34.000Z,,,
263,18755-M5776958,metrocuadrado,https://www.metrocuadrado.com.co/inmueble/venta-apartamento-medellin-la-mota-3-habitaciones-2-banos-1-garajes/18755-M5776958,,Medellín,LA MOTA,,,,Apartamento,455000000.0,93.0,4892473.11827957,,False,,,,,,3,2.0,,,1,,2025-07-22T10:19:01.000Z,,,
264,2895-M5731097,metrocuadrado,https://www.metrocuadrado.com.co/inmueble/venta-local-comercial-medellin-urbanizacion-san-bernardo-5-banos/2895-M5731097,,Medellín,URBANIZACION SAN BERNARDO,,,,Local Comercial,600000000.0,60.0,10000000.0,,False,,,,,,,5.0,,,0,,2025-07-28T03:10:19.000Z,,,
265,2895-M3687089,metrocuadrado,https://www.metrocuadrado.com.co/inmueble/venta-apartamento-medellin-las-playas-3-habitaciones-3-banos/2895-M3687089,,Medellín,LAS PLAYAS,,,,Apartamento,420000000.0,91.0,4615384.615384615,,False,,,,,,3,3.0,,,0,,2024-11-26T00:22:53.000Z,,,
266,2895-M5739783,metrocuadrado,https://www.metrocuadrado.com.co/inmueble/venta-apartamento-medellin-las-playas-3-habitaciones-5-banos/2895-M5739783,,Medellín,LAS PLAYAS,,,,Apartamento,265000000.0,56.48,4691926.345609065,,False,,,,,,3,5.0,,,0,,2025-08-02T03:10:21.000Z,,,
267,2895-M3374307,metrocuadrado,https://www.metrocuadrado.com.co/inmueble/venta-casa-medellin-san-bernardo-5-habitaciones-4-banos/2895-M3374307,,Medellín,SAN BERNARDO,,,,Casa,320000000.0,157.0,2038216.560509554,,False,,,,,,5,4.0,,,0,,2024-11-26T00:22:53.000Z,,,
268,2895-M5772999,metrocuadrado,https://www.metrocuadrado.com.co/inmueble/venta-apartamento-medellin-las-playas-3-habitaciones-5-banos/2895-M5772999,,Medellín,LAS PLAYAS,,,,Apartamento,680000000.0,84.0,8095238.095238095,,False,,,,,,3,5.0,,,0,,2025-08-19T03:10:07.000Z,,,
269,2895-M3377020,metrocuadrado,https://www.metrocuadrado.com.co/inmueble/venta-apartamento-medellin-san-bernardo-4-habitaciones-4-banos/2895-M3377020,,Medellín,SAN BERNARDO,,,,Apartamento,380000000.0,180.0,2111111.111111111,,False,,,,,,4,4.0,,,0,,2024-11-26T00:22:53.000Z,,,
270,2895-M4861459,metrocuadrado,https://www.metrocuadrado.com.co/inmueble/venta-apartamento-medellin-las-playas-3-habitaciones-5-banos/2895-M4861459,,Medellín,LAS PLAYAS,,,,Apartamento,450000000.0,65.0,6923076.923076923,,False,,,,,,3,5.0,,,0,,2025-08-14T03:10:08.000Z,,,
271,2895-M3377009,metrocuadrado,https://www.metrocuadrado.com.co/inmueble/venta-apartamento-medellin-san-bernardo-4-habitaciones-4-banos/2895-M3377009,,Medellín,SAN BERNARDO,,,,Apartamento,380000000.0,180.0,2111111.111111111,,False,,,,,,4,4.0,,,0,,2024-11-26T00:22:53.000Z,,,
272,2895-M4790431,metrocuadrado,https://www.metrocuadrado.com.co/inmueble/venta-casa-medellin-san-bernardo-3-habitaciones-2-banos/2895-M4790431,,Medellín,SAN BERNARDO,,,,Casa,390000000.0,106.0,3679245.283018868,,False,,,,,,3,2.0,,,0,,2025-08-14T03:10:08.000Z,,,
273,3267-M5819064,metrocuadrado,https://www.metrocuadrado.com.co/inmueble/venta-apartamento-medellin-las-playas-5-habitaciones-1-banos/3267-M5819064,,Medellín,LAS PLAYAS,,,,Apartamento,400000000.0,105.56,3789314.1341417204,,False,,,,,,5,1.0,,,0,,2025-08-15T03:10:08.000Z,,,
274,3267-M5623601,metrocuadrado,https://www.metrocuadrado.com.co/inmueble/venta-apartamento-medellin-san-bernardo-3-habitaciones-2-banos/3267-M5623601,,Medellín,SAN BERNARDO,,,,Apartamento,235000000.0,51.0,4607843.137254902,,False,,,,,,3,2.0,,,0,,2025-04-04T16:08:04.000Z,,,
275,3267-M5945845,metrocuadrado,https://www.metrocuadrado.com.co/inmueble/venta-apartamento-medellin-belen-granada-3-habitaciones-2-banos/3267-M5945845,,Medellín,BELEN GRANADA,,,,Apartamento,450000000.0,82.5,5454545.454545454,,False,,,,,,3,2.0,,,0,,2025-08-16T03:10:09.000Z,,,
276,3267-M5968985,metrocuadrado,https://www.metrocuadrado.com.co/inmueble/venta-apartamento-medellin-belen-3-habitaciones-2-banos-1-garajes/3267-M5968985,,Medellín,BELEN,,,,Apartamento,550000000.0,120.0,4583333.333333333,,False,,,,,,3,2.0,,,1,,2025-07-31T11:59:20.000Z,,,
277,277-M5994794,metrocuadrado,https://www.metrocuadrado.com.co/inmueble/venta-casa-medellin-belen-las-playas-4-habitaciones-2-banos/277-M5994794,,Medellín,BELEN LAS PLAYAS,,,,Casa,515000000.0,95.0,5421052.631578947,,False,,,,,,4,2.0,,,0,,2025-08-14T19:07:47.000Z,,,
278,16974-M5727338,metrocuadrado,https://www.metrocuadrado.com.co/inmueble/venta-apartamento-medellin-urbanizacion-cazadiana-3-habitaciones-2-banos-1-garajes/16974-M5727338,,Medellín,URBANIZACION CAZADIANA,,,,Apartamento,400000000.0,77.0,5194805.194805195,,False,,,,,,3,2.0,,,1,,2025-07-26T03:10:42.000Z,,,
279,16974-M5584459,metrocuadrado,https://www.metrocuadrado.com.co/inmueble/venta-apartamento-medellin-san-bernardo-3-habitaciones-1-banos/16974-M5584459,,Medellín,SAN BERNARDO,,,,Apartamento,235000000.0,53.0,4433962.264150944,,False,,,,,,3,1.0,,,0,,2025-07-29T03:10:15.000Z,,,
280,16974-M5727212,metrocuadrado,https://www.metrocuadrado.com.co/inmueble/venta-apartamento-medellin-las-playas-3-habitaciones-1-banos/16974-M5727212,,Medellín,LAS PLAYAS,,,,Apartamento,320000000.0,70.0,4571428.571428572,,False,,,,,,3,1.0,,,0,,2025-07-26T03:10:42.000Z,,,
281,12782-M5672544,metrocuadrado,https://www.metrocuadrado.com.co/inmueble/venta-apartamento-medellin-san-bernardo-3-habitaciones-1-banos/12782-M5672544,,Medellín,SAN BERNARDO,,,,Apartamento,235000000.0,53.0,4433962.264150944,,False,,,,,,3,1.0,,,0,,2025-07-25T03:10:14.000Z,,,
282,19797-M5693787,metrocuadrado,https://www.metrocuadrado.com.co/inmueble/venta-casa-medellin-belen-5-habitaciones-4-banos-2-garajes/19797-M5693787,,Medellín,BELEN,,,,Casa,1350000000.0,220.0,6136363.636363637,,False,,,,,,5,4.0,,,2,,2025-08-16T03:10:10.000Z,,,
283,19797-M5703038,metrocuadrado,https://www.metrocuadrado.com.co/inmueble/venta-casa-medellin-san-bernardo-5-habitaciones-4-banos-1-garajes/19797-M5703038,,Medellín,SAN BERNARDO,,,,Casa,1100000000.0,268.0,4104477.6119402987,,False,,,,,,5,4.0,,,1,,2025-08-01T21:30:53.000Z,,,
284,20033-M5778075,metrocuadrado,https://www.metrocuadrado.com.co/inmueble/venta-casa-medellin-san-bernardo-5-habitaciones-4-banos-1-garajes/20033-M5778075,,Medellín,SAN BERNARDO,,,,Casa,1100000000.0,268.0,4104477.6119402987,,False,,,,,,5,4.0,,,1,,2025-07-24T03:10:44.000Z,,,
285,20033-M5786669,metrocuadrado,https://www.metrocuadrado.com.co/inmueble/venta-casa-medellin-la-palma-5-habitaciones-4-banos-4-garajes/20033-M5786669,,Medellín,LA PALMA,,,,Casa,1650000000.0,360.0,4583333.333333333,,True,,,,,,5,4.0,,,4,,2025-07-29T03:10:15.000Z,,,
286,18237-M5427398,metrocuadrado,https://www.metrocuadrado.com.co/inmueble/venta-apartamento-medellin-san-bernardo-4-habitaciones-3-banos-2-garajes/18237-M5427398,,Medellín,SAN BERNARDO,,,,Apartamento,1000000000.0,220.0,4545454.545454546,,False,,,,,,4,3.0,,,2,,2025-08-10T03:10:23.000Z,,,
287,18237-M5483011,metrocuadrado,https://www.metrocuadrado.com.co/inmueble/venta-apartamento-medellin-granada-3-habitaciones-1-banos-1-garajes/18237-M5483011,,Medellín,GRANADA,,,,Apartamento,370000000.0,93.0,3978494.623655914,,False,,,,,,3,1.0,,,1,,2025-08-06T03:10:31.000Z,,,
288,14973-M5952949,metrocuadrado,https://www.metrocuadrado.com.co/inmueble/venta-apartamento-medellin-belen-la-mota-3-habitaciones-3-banos-1-garajes/14973-M5952949,,Medellín,BELEN LA MOTA,,,,Apartamento,540000000.0,93.0,5806451.612903226,,False,,,,,,3,3.0,,,1,,2025-07-23T09:23:20.000Z,,,
289,16187-M4517594,metrocuadrado,https://www.metrocuadrado.com.co/inmueble/venta-apartamento-medellin-diego-echavarria-3-habitaciones-2-banos-1-garajes/16187-M4517594,,Medellín,DIEGO ECHAVARRIA,,,,Apartamento,430000000.0,89.0,4831460.674157304,,False,,,,,,3,2.0,,,1,,2025-08-04T09:24:43.000Z,,,
290,18237-M5796359,metrocuadrado,https://www.metrocuadrado.com.co/inmueble/venta-casa-medellin-san-bernardo-3-habitaciones-2-banos/18237-M5796359,,Medellín,SAN BERNARDO,,,,Casa,580000000.0,118.0,4915254.237288136,,False,,,,,,3,2.0,,,0,,2025-08-03T03:10:32.000Z,,,
291,18237-M5701214,metrocuadrado,https://www.metrocuadrado.com.co/inmueble/venta-apartamento-medellin-san-bernardo-5-habitaciones-2-banos/18237-M5701214,,Medellín,SAN BERNARDO,,,,Apartamento,560000000.0,147.0,3809523.8095238097,,False,,,,,,5,2.0,,,0,,2025-08-09T03:10:20.000Z,,,
292,18237-M5947172,metrocuadrado,https://www.metrocuadrado.com.co/inmueble/venta-apartamento-medellin-belen-san-bernardo-2-habitaciones-1-banos/18237-M5947172,,Medellín,BELEN SAN BERNARDO,,,,Apartamento,290000000.0,50.0,5800000.0,,False,,,,,,2,1.0,,,0,,2025-08-16T03:10:10.000Z,,,
293,18237-M5959909,metrocuadrado,https://www.metrocuadrado.com.co/inmueble/venta-apartamento-medellin-san-bernardo-3-habitaciones-2-banos/18237-M5959909,,Medellín,SAN BERNARDO,,,,Apartamento,380000000.0,72.0,5277777.777777778,,False,,,,,,3,2.0,,,0,,2025-07-25T21:26:47.000Z,,,
294,18237-M5983338,metrocuadrado,https://www.metrocuadrado.com.co/inmueble/venta-apartamento-medellin-belen-san-bernardo-4-habitaciones-3-banos-1-garajes/18237-M5983338,,Medellín,BELEN SAN BERNARDO,,,,Apartamento,600000000.0,150.0,4000000.0,,False,,,,,,4,3.0,,,1,,2025-08-08T15:02:33.000Z,,,
295,18237-M5952490,metrocuadrado,https://www.metrocuadrado.com.co/inmueble/venta-casa-medellin-belen-la-gloria-3-habitaciones-2-banos/18237-M5952490,,Medellín,BELEN LA GLORIA,,,,Casa,590000000.0,128.8,4580745.341614907,,True,,,,,,3,2.0,,,0,,2025-08-20T03:10:10.000Z,,,
296,18237-M5797701,metrocuadrado,https://www.metrocuadrado.com.co/inmueble/venta-apartamento-medellin-las-playas-3-habitaciones-2-banos/18237-M5797701,,Medellín,LAS PLAYAS,,,,Apartamento,400000000.0,80.0,5000000.0,,False,,,,,,3,2.0,,,0,,2025-08-04T03:10:15.000Z,,,
297,17080-M5742393,metrocuadrado,https://www.metrocuadrado.com.co/inmueble/venta-apartamento-medellin-belen-2-habitaciones-1-banos/17080-M5742393,,Medellín,BELEN,,,,Apartamento,250000000.0,46.0,5434782.608695652,,False,,,,,,2,1.0,,,0,,2025-07-30T09:48:26.000Z,,,
298,18237-M5948554,metrocuadrado,https://www.metrocuadrado.com.co/inmueble/venta-apartamento-medellin-belen-san-bernardo-2-habitaciones-1-banos/18237-M5948554,,Medellín,BELEN SAN BERNARDO,,,,Apartamento,290000000.0,50.0,5800000.0,,False,,,,,,2,1.0,,,0,,2025-08-19T03:10:09.000Z,,,
299,12792-M5022223,metrocuadrado,https://www.metrocuadrado.com.co/inmueble/venta-casa-medellin-diego-echavarria-5-habitaciones-3-banos-1-garajes/12792-M5022223,,Medellín,DIEGO ECHAVARRIA,,,,Casa,900000000.0,260.0,3461538.4615384615,,False,,,,,,5,3.0,,,1,,2025-08-01T03:10:13.000Z,,,
300,12792-M5652058,metrocuadrado,https://www.metrocuadrado.com.co/inmueble/venta-casa-medellin-belen-3-habitaciones-2-banos/12792-M5652058,,Medellín,BELEN,,,,Casa,340000000.0,93.0,3655913.9784946237,,False,,,,,,3,2.0,,,0,,2025-08-12T14:49:24.000Z,,,
301,12792-M5611059,metrocuadrado,https://www.metrocuadrado.com.co/inmueble/venta-casa-medellin-san-bernardo-5-habitaciones-2-banos/12792-M5611059,,Medellín,SAN BERNARDO,,,,Casa,550000000.0,116.0,4741379.310344827,,False,,,,,,5,2.0,,,0,,2025-08-13T03:10:09.000Z,,,
302,649-M5782528,metrocuadrado,https://www.metrocuadrado.com.co/inmueble/venta-local-comercial-medellin-san-bernardo-1-banos-1-garajes/649-M5782528,,Medellín,SAN BERNARDO,,,,Local Comercial,400000000.0,51.0,7843137.2549019605,,False,,,,,,,1.0,,,1,,2025-07-30T03:10:14.000Z,,,
303,3267-M5452674,metrocuadrado,https://www.metrocuadrado.com.co/inmueble/venta-casa-medellin-san-bernardo-3-habitaciones-3-banos-1-garajes/3267-M5452674,,Medellín,SAN BERNARDO,,,,Casa,590000000.0,97.7,6038894.575230297,,False,,,,,,3,3.0,,,1,,2025-04-04T16:38:24.000Z,,,
304,3267-M5530731,metrocuadrado,https://www.metrocuadrado.com.co/inmueble/venta-casa-medellin-las-playas-4-habitaciones-1-banos/3267-M5530731,,Medellín,LAS PLAYAS,,,,Casa,430000000.0,120.0,3583333.3333333335,,True,,,,,,4,1.0,,,0,,2025-04-04T16:35:50.000Z,,,
305,2895-M4811489,metrocuadrado,https://www.metrocuadrado.com.co/inmueble/venta-apartamento-medellin-san-bernardo-3-habitaciones-5-banos/2895-M4811489,,Medellín,SAN BERNARDO,,,,Apartamento,550000000.0,100.0,5500000.0,,False,,,,,,3,5.0,,,0,,2025-08-04T03:10:10.000Z,,,
306,2895-M4861465,metrocuadrado,https://www.metrocuadrado.com.co/inmueble/venta-apartamento-medellin-las-playas-3-habitaciones-1-banos/2895-M4861465,,Medellín,LAS PLAYAS,,,,Apartamento,450000000.0,65.0,6923076.923076923,,False,,,,,,3,1.0,,,0,,2025-08-14T03:10:08.000Z,,,
307,2895-M4599646,metrocuadrado,https://www.metrocuadrado.com.co/inmueble/venta-apartamento-medellin-las-playas-4-habitaciones-3-banos/2895-M4599646,,Medellín,LAS PLAYAS,,,,Apartamento,435000000.0,180.0,2416666.6666666665,,False,,,,,,4,3.0,,,0,,2024-11-26T00:22:53.000Z,,,
308,2895-M4790201,metrocuadrado,https://www.metrocuadrado.com.co/inmueble/venta-apartamento-medellin-granada-3-habitaciones-4-banos-2-garajes/2895-M4790201,,Medellín,GRANADA,,,,Apartamento,395000000.0,140.0,2821428.5714285714,,False,,,,,,3,4.0,,,2,,2025-08-14T03:10:07.000Z,,,
309,2895-M4961814,metrocuadrado,https://www.metrocuadrado.com.co/inmueble/venta-apartamento-medellin-san-bernardo-3-habitaciones-5-banos/2895-M4961814,,Medellín,SAN BERNARDO,,,,Apartamento,350000000.0,98.0,3571428.5714285714,,False,,,,,,3,5.0,,,0,,2025-08-14T03:10:09.000Z,,,
310,2895-M4715429,metrocuadrado,https://www.metrocuadrado.com.co/inmueble/venta-apartamento-medellin-san-bernardo-3-habitaciones-2-banos/2895-M4715429,,Medellín,SAN BERNARDO,,,,Apartamento,322000000.0,120.0,2683333.3333333335,,False,,,,,,3,2.0,,,0,,2024-11-26T00:22:53.000Z,,,
311,2895-M3595444,metrocuadrado,https://www.metrocuadrado.com.co/inmueble/venta-casa-medellin-san-bernardo-5-habitaciones-4-banos/2895-M3595444,,Medellín,SAN BERNARDO,,,,Casa,320000000.0,157.0,2038216.560509554,,False,,,,,,5,4.0,,,0,,2024-11-26T00:22:53.000Z,,,
312,2895-M4914613,metrocuadrado,https://www.metrocuadrado.com.co/inmueble/venta-casa-medellin-las-playas-3-habitaciones-2-banos/2895-M4914613,,Medellín,LAS PLAYAS,,,,Casa,380000000.0,84.0,4523809.523809524,,False,,,,,,3,2.0,,,0,,2024-11-26T00:22:53.000Z,,,
313,277-M5841384,metrocuadrado,https://www.metrocuadrado.com.co/inmueble/venta-apartamento-medellin-san-bernardo-1-habitaciones-2-banos/277-M5841384,,Medellín,SAN BERNARDO,,,,Apartamento,320000000.0,62.0,5161290.322580645,,False,,,,,,1,2.0,,,0,,2025-07-31T03:10:12.000Z,,,
314,13179-M5787846,metrocuadrado,https://www.metrocuadrado.com.co/inmueble/venta-casa-medellin-granada-3-habitaciones-2-banos/13179-M5787846,,Medellín,GRANADA,,,,Casa,430000000.0,106.0,4056603.7735849055,,False,,,,,,3,2.0,,,0,,2025-07-31T03:10:13.000Z,,,
315,12116-M4522391,metrocuadrado,https://www.metrocuadrado.com.co/inmueble/venta-apartamento-medellin-san-bernardo-5-habitaciones-3-banos/12116-M4522391,,Medellín,SAN BERNARDO,,,,Apartamento,350000000.0,150.0,2333333.3333333335,,False,,,,,,5,3.0,,,0,,2025-08-08T03:10:16.000Z,,,
316,12116-M5097132,metrocuadrado,https://www.metrocuadrado.com.co/inmueble/venta-apartamento-medellin-san-bernardo-3-habitaciones-2-banos-1-garajes/12116-M5097132,,Medellín,SAN BERNARDO,,,,Apartamento,565000000.0,78.0,7243589.743589744,,False,,,,,,3,2.0,,,1,,2025-08-08T03:10:16.000Z,,,
317,12116-M3772753,metrocuadrado,https://www.metrocuadrado.com.co/inmueble/venta-apartamento-medellin-san-bernardo-3-habitaciones-3-banos/12116-M3772753,,Medellín,SAN BERNARDO,,,,Apartamento,380000000.0,117.0,3247863.247863248,,False,,,,,,3,3.0,,,0,,2023-03-13T22:11:56.000Z,,,
318,12116-M3772715,metrocuadrado,https://www.metrocuadrado.com.co/inmueble/venta-casa-medellin-las-playas-3-habitaciones-2-banos/12116-M3772715,,Medellín,LAS PLAYAS,,,,Casa,312000000.0,83.0,3759036.1445783135,,False,,,,,,3,2.0,,,0,,2023-03-13T22:11:56.000Z,,,
319,3267-M5951680,metrocuadrado,https://www.metrocuadrado.com.co/inmueble/venta-apartamento-medellin-belen-san-bernardo-4-habitaciones-3-banos/3267-M5951680,,Medellín,BELEN SAN BERNARDO,,,,Apartamento,500000000.0,120.0,4166666.6666666665,,True,,,,,,4,3.0,,,0,,2025-08-20T03:10:09.000Z,,,
320,18036-M5507265,metrocuadrado,https://www.metrocuadrado.com.co/inmueble/venta-casa-medellin-san-bernardo-5-habitaciones-2-banos/18036-M5507265,,Medellín,SAN BERNARDO,,,,Casa,550000000.0,116.0,4741379.310344827,,False,,,,,,5,2.0,,,0,,2025-07-25T03:10:18.000Z,,,
321,17183-M5362171,metrocuadrado,https://www.metrocuadrado.com.co/inmueble/venta-apartamento-medellin-san-bernardo-5-habitaciones-2-banos/17183-M5362171,,Medellín,SAN BERNARDO,,,,Apartamento,560000000.0,147.0,3809523.8095238097,,False,,,,,,5,2.0,,,0,,2025-07-26T03:10:42.000Z,,,
322,10710-M4613409,metrocuadrado,https://www.metrocuadrado.com.co/inmueble/venta-apartamento-medellin-las-playas-4-habitaciones-2-banos-1-garajes/10710-M4613409,,Medellín,LAS PLAYAS,,,,Apartamento,420000000.0,105.0,4000000.0,,False,,,,,,4,2.0,,,1,,2025-08-01T03:10:12.000Z,,,
323,18334-M5528762,metrocuadrado,https://www.metrocuadrado.com.co/inmueble/venta-casa-medellin-las-playas-4-habitaciones-3-banos-1-garajes/18334-M5528762,,Medellín,LAS PLAYAS,,,,Casa,650000000.0,175.0,3714285.714285714,,False,,,,,,4,3.0,,,1,,2025-08-06T03:10:31.000Z,,,
324,18035-M5726092,metrocuadrado,https://www.metrocuadrado.com.co/inmueble/venta-casa-medellin-san-bernardo-4-habitaciones-2-banos/18035-M5726092,,Medellín,SAN BERNARDO,,,,Casa,380000000.0,144.0,2638888.888888889,,False,,,,,,4,2.0,,,0,,2025-07-25T03:10:18.000Z,,,
